[
  {
    "image": "",
    "id": 1,
    "name": "Prosecco, La Furlan",
    "Chinese name": "",
    "description": "Aromas of lemon, melon, peach, pear, and white flowers. Fruit-forward, off-dry, medium acidity",
    "category": "Happy Hour",
    "category chinese": "暢飲",
    "sub category": "Sparkling",
    "main category": "“HAPPY HOUR 暢飲”",
    "price": 6,
    "vegetarian": "",
    "glutenfree": "",
    "spicy": ""
  },
  {
    "image": "",
    "id": 2,
    "name": "Sauvignon Blanc, Bonterra 2022",
    "Chinese name": "",
    "description": "Crisp acidity, vibrant, with grapefruit, lime, melon, and a tart finish (Organic Grapes)",
    "category": "Happy Hour",
    "category chinese": "暢飲",
    "sub category": "White",
    "main category": "“HAPPY HOUR 暢飲”",
    "price": 6,
    "vegetarian": "",
    "glutenfree": "",
    "spicy": ""
  },
  {
    "image": "",
    "id": 3,
    "name": "Sapporo Premium Lager",
    "Chinese name": "",
    "description": "Mild, malt-forward flavor with a clean and slightly sweet",
    "category": "Happy Hour",
    "category chinese": "暢飲",
    "sub category": "Beer",
    "main category": "“HAPPY HOUR 暢飲”",
    "price": 5,
    "vegetarian": "",
    "glutenfree": "",
    "spicy": ""
  },
  {
    "image": "",
    "id": 4,
    "name": "Whisky Sour",
    "Chinese name": "威士忌酸",
    "description": "Bourbon, fresh lemon juice, egg white (can be made vegan with aquafaba)",
    "category": "Cocktails",
    "category chinese": "雞尾酒",
    "sub category": "",
    "main category": "“DRINK 飲品”",
    "price": 16,
    "vegetarian": "",
    "glutenfree": "",
    "spicy": ""
  },
  {
    "image": "",
    "id": 5,
    "name": "Old Fashioned",
    "Chinese name": "老紳士",
    "description": "Bourbon, angostura bitters, orange bitter",
    "category": "Cocktails",
    "category chinese": "雞尾酒",
    "sub category": "",
    "main category": "“DRINK 飲品”",
    "price": 15,
    "vegetarian": "",
    "glutenfree": "",
    "spicy": ""
  },
  {
    "image": "",
    "id": 6,
    "name": "Dry Martini",
    "Chinese name": "馬丁尼",
    "description": "Gin or vodka, dry vermouth, lemon twist or olive",
    "category": "Cocktails",
    "category chinese": "雞尾酒",
    "sub category": "",
    "main category": "“DRINK 飲品”",
    "price": 15,
    "vegetarian": "",
    "glutenfree": "",
    "spicy": ""
  },
  {
    "image": "",
    "id": 7,
    "name": "Manhattan",
    "Chinese name": "曼哈頓",
    "description": "Rye whisky, sweet vermouth, angostura bitters",
    "category": "Cocktails",
    "category chinese": "雞尾酒",
    "sub category": "",
    "main category": "“DRINK 飲品”",
    "price": 15,
    "vegetarian": "",
    "glutenfree": "",
    "spicy": ""
  },
  {
    "image": "",
    "id": 8,
    "name": "Negroni",
    "Chinese name": "內格羅尼",
    "description": "Gin, campari, sweet vermouth",
    "category": "Cocktails",
    "category chinese": "雞尾酒",
    "sub category": "",
    "main category": "“DRINK 飲品”",
    "price": 15,
    "vegetarian": "",
    "glutenfree": "",
    "spicy": ""
  },
  {
    "image": "",
    "id": 9,
    "name": "Margarita",
    "Chinese name": "瑪格麗特",
    "description": "Tequila, cointreau, fresh lime juice",
    "category": "Cocktails",
    "category chinese": "雞尾酒",
    "sub category": "",
    "main category": "“DRINK 飲品”",
    "price": 15,
    "vegetarian": "",
    "glutenfree": "",
    "spicy": ""
  },
  {
    "image": "",
    "id": 10,
    "name": "Corpse Reviver#2",
    "Chinese name": "復蘇者二號",
    "description": "Gin, cointreau, lillet blanc, absinthe, fresh lemon juice",
    "category": "Cocktails",
    "category chinese": "雞尾酒",
    "sub category": "",
    "main category": "“DRINK 飲品”",
    "price": 15,
    "vegetarian": "",
    "glutenfree": "",
    "spicy": ""
  },
  {
    "image": "",
    "id": 11,
    "name": "",
    "Chinese name": "",
    "description": "",
    "category": "Chinese Wines and  Spirits",
    "category chinese": "",
    "sub category": "",
    "main category": "“DRINK 飲品”",
    "price": "",
    "vegetarian": "",
    "glutenfree": "",
    "spicy": ""
  },
  {
    "image": "",
    "id": 12,
    "name": "",
    "Chinese name": "",
    "description": "",
    "category": "Chinese Wines and  Spirits",
    "category chinese": "",
    "sub category": "",
    "main category": "“DRINK 飲品”",
    "price": "",
    "vegetarian": "",
    "glutenfree": "",
    "spicy": ""
  },
  {
    "image": "",
    "id": 13,
    "name": "Pinot Noir, The Stag 2020",
    "Chinese name": "",
    "description": "Exuberant aromas and flavors of wild berry, red cherry, vanilla, chocolate, and oak. Silky tannins, robust finish",
    "category": "Wine",
    "category chinese": "葡萄酒",
    "sub category": "Red",
    "main category": "“DRINK 飲品”",
    "price": "14/50",
    "vegetarian": "",
    "glutenfree": "",
    "spicy": ""
  },
  {
    "image": "",
    "id": 14,
    "name": "Cabernet Sauvignon, The Stag 2021",
    "Chinese name": "",
    "description": "Deep ruby color, perfumed berry aromas, rich, bold flavor with a plush texture, and a lengthy, opulent finish",
    "category": "Wine",
    "category chinese": "葡萄酒",
    "sub category": "",
    "main category": "“DRINK 飲品”",
    "price": "12/42",
    "vegetarian": "",
    "glutenfree": "",
    "spicy": ""
  },
  {
    "image": "",
    "id": 15,
    "name": "Malbec, Antigal Uno 2019",
    "Chinese name": "",
    "description": "Plum, strawberry, blackberry, violets, vanilla, and milk chocolate flavors with a silky, violet-red profile, and a delightful finish",
    "category": "Wine",
    "category chinese": "葡萄酒",
    "sub category": "",
    "main category": "“DRINK 飲品”",
    "price": "15/53",
    "vegetarian": "",
    "glutenfree": "",
    "spicy": ""
  },
  {
    "image": "",
    "id": 16,
    "name": "Gamay, Nicolas Potel Beaujolais Villages 2020",
    "Chinese name": "",
    "description": "Deep garnet red, delicate crushed fruit aromas of strawberry, blackcurrant, cherry, earthy, leather, and pepper notes",
    "category": "Wine",
    "category chinese": "葡萄酒",
    "sub category": "",
    "main category": "“DRINK 飲品”",
    "price": "11/39",
    "vegetarian": "",
    "glutenfree": "",
    "spicy": ""
  },
  {
    "image": "",
    "id": 17,
    "name": "Chardonnay, The Stag 2021",
    "Chinese name": "",
    "description": "Lush tropical aromas, bright palate with passion fruit, pineapple, lemon zest, and a creamy finish",
    "category": "Wine",
    "category chinese": "葡萄酒",
    "sub category": "White",
    "main category": "“DRINK 飲品”",
    "price": "11/40",
    "vegetarian": "",
    "glutenfree": "",
    "spicy": ""
  },
  {
    "image": "",
    "id": 18,
    "name": "",
    "Chinese name": "",
    "description": "",
    "category": "Wine",
    "category chinese": "葡萄酒",
    "sub category": "",
    "main category": "“DRINK 飲品”",
    "price": "",
    "vegetarian": "",
    "glutenfree": "",
    "spicy": ""
  },
  {
    "image": "",
    "id": 19,
    "name": "Riesling, Chateau Ste. Michelle 2022",
    "Chinese name": "",
    "description": "Light sweetness balanced by bright flavors of stone fruit and crisp citrus",
    "category": "Wine",
    "category chinese": "葡萄酒",
    "sub category": "",
    "main category": "“DRINK 飲品”",
    "price": "14/49",
    "vegetarian": "",
    "glutenfree": "",
    "spicy": ""
  },
  {
    "image": "",
    "id": 20,
    "name": "Sauvignon Blanc, Bonterra 2022",
    "Chinese name": "",
    "description": "Crisp acidity, vibrant, with grapefruit, lime, melon, and a tart finish (Organic Grapes)",
    "category": "Wine",
    "category chinese": "葡萄酒",
    "sub category": "",
    "main category": "“DRINK 飲品”",
    "price": "11/40",
    "vegetarian": "",
    "glutenfree": "",
    "spicy": ""
  },
  {
    "image": "",
    "id": 21,
    "name": "Pinot Grigio, Santa Margherita 2022",
    "Chinese name": "",
    "description": "Dry with intense Golden Delicious apple and citrus aromas",
    "category": "Wine",
    "category chinese": "葡萄酒",
    "sub category": "",
    "main category": "“DRINK 飲品”",
    "price": "19/66",
    "vegetarian": "",
    "glutenfree": "",
    "spicy": ""
  },
  {
    "image": "",
    "id": 22,
    "name": "Rose, Aqua di Venus Toscana  2020",
    "Chinese name": "",
    "description": "Light pink color, complex bouquet with floral and herbal notes, fresh and balanced taste, long-lasting finish",
    "category": "Wine",
    "category chinese": "葡萄酒",
    "sub category": "Sparkling",
    "main category": "“DRINK 飲品”",
    "price": "16/56",
    "vegetarian": "",
    "glutenfree": "",
    "spicy": ""
  },
  {
    "image": "",
    "id": 23,
    "name": "Prosecco, La Furlan",
    "Chinese name": "",
    "description": "Aromas of lemon, melon, peach, pear, and white flowers. Fruit-forward, off-dry, medium acidity",
    "category": "Wine",
    "category chinese": "葡萄酒",
    "sub category": "",
    "main category": "“DRINK 飲品”",
    "price": "11/40",
    "vegetarian": "",
    "glutenfree": "",
    "spicy": ""
  },
  {
    "image": "",
    "id": 24,
    "name": "Prosecco, Santa Margherita",
    "Chinese name": "",
    "description": "Dry, bubbly, with pear and apple aromas",
    "category": "Wine",
    "category chinese": "葡萄酒",
    "sub category": "",
    "main category": "“DRINK 飲品”",
    "price": "17/60",
    "vegetarian": "",
    "glutenfree": "",
    "spicy": ""
  },
  {
    "image": "",
    "id": 25,
    "name": "Chardonnay, Hidden Trail",
    "Chinese name": "",
    "description": "",
    "category": "Wine",
    "category chinese": "啤酒",
    "sub category": "White",
    "main category": "“DRINK 飲品”",
    "price": "9/36",
    "vegetarian": "",
    "glutenfree": "",
    "spicy": ""
  },
  {
    "image": "",
    "id": 26,
    "name": "Rose, Val de Loire",
    "Chinese name": "",
    "description": "",
    "category": "Wine",
    "category chinese": "啤酒",
    "sub category": "Sparkling",
    "main category": "“DRINK 飲品”",
    "price": "7/30",
    "vegetarian": "",
    "glutenfree": "",
    "spicy": ""
  },
  {
    "image": "",
    "id": 27,
    "name": "Sapporo Premium Lager",
    "Chinese name": "",
    "description": "Mild, malt-forward flavor with a clean and slightly sweet",
    "category": "Beer",
    "category chinese": "啤酒",
    "sub category": "",
    "main category": "“DRINK 飲品”",
    "price": 7,
    "vegetarian": "",
    "glutenfree": "",
    "spicy": ""
  },
  {
    "image": "",
    "id": 28,
    "name": "Grolsch Pilsener",
    "Chinese name": "",
    "description": "Balanced malt sweetness with a noticeable hop bitterness",
    "category": "Beer",
    "category chinese": "啤酒",
    "sub category": "",
    "main category": "“DRINK 飲品”",
    "price": 7,
    "vegetarian": "",
    "glutenfree": "",
    "spicy": ""
  },
  {
    "image": "",
    "id": 29,
    "name": 1664,
    "Chinese name": "",
    "description": "Subtle malt sweetness, a touch of hop bitterness, and a mild citrusy note",
    "category": "Beer",
    "category chinese": "啤酒",
    "sub category": "",
    "main category": "“DRINK 飲品”",
    "price": 8,
    "vegetarian": "",
    "glutenfree": "",
    "spicy": ""
  },
  {
    "image": "",
    "id": 30,
    "name": "Lagunitas IPA",
    "Chinese name": "",
    "description": "Resinous, piney, and citrusy, with prominent grapefruit and floral notes",
    "category": "Beer",
    "category chinese": "啤酒",
    "sub category": "",
    "main category": "“DRINK 飲品”",
    "price": 7,
    "vegetarian": "",
    "glutenfree": "",
    "spicy": ""
  },
  {
    "image": "",
    "id": 31,
    "name": "",
    "Chinese name": "",
    "description": "",
    "category": "Spirits",
    "category chinese": "烈酒",
    "sub category": "Vodka",
    "main category": "“DRINK 飲品”",
    "price": 11,
    "vegetarian": "",
    "glutenfree": "",
    "spicy": ""
  },
  {
    "image": "",
    "id": 32,
    "name": "",
    "Chinese name": "",
    "description": "",
    "category": "Spirits",
    "category chinese": "烈酒",
    "sub category": "",
    "main category": "“DRINK 飲品”",
    "price": 9,
    "vegetarian": "",
    "glutenfree": "",
    "spicy": ""
  },
  {
    "image": "",
    "id": 33,
    "name": "",
    "Chinese name": "",
    "description": "",
    "category": "Spirits",
    "category chinese": "烈酒",
    "sub category": "Scotch",
    "main category": "“DRINK 飲品”",
    "price": "",
    "vegetarian": "",
    "glutenfree": "",
    "spicy": ""
  },
  {
    "image": "",
    "id": 34,
    "name": "",
    "Chinese name": "",
    "description": "",
    "category": "Spirits",
    "category chinese": "烈酒",
    "sub category": "",
    "main category": "“DRINK 飲品”",
    "price": "",
    "vegetarian": "",
    "glutenfree": "",
    "spicy": ""
  },
  {
    "image": "",
    "id": 35,
    "name": "",
    "Chinese name": "",
    "description": "",
    "category": "Spirits",
    "category chinese": "烈酒",
    "sub category": "",
    "main category": "“DRINK 飲品”",
    "price": "",
    "vegetarian": "",
    "glutenfree": "",
    "spicy": ""
  },
  {
    "image": "",
    "id": 36,
    "name": "",
    "Chinese name": "",
    "description": "",
    "category": "Spirits",
    "category chinese": "烈酒",
    "sub category": "",
    "main category": "“DRINK 飲品”",
    "price": "",
    "vegetarian": "",
    "glutenfree": "",
    "spicy": ""
  },
  {
    "image": "",
    "id": 37,
    "name": "",
    "Chinese name": "",
    "description": "",
    "category": "Spirits",
    "category chinese": "烈酒",
    "sub category": "",
    "main category": "“DRINK 飲品”",
    "price": "",
    "vegetarian": "",
    "glutenfree": "",
    "spicy": ""
  },
  {
    "image": "",
    "id": 38,
    "name": "",
    "Chinese name": "",
    "description": "",
    "category": "Spirits",
    "category chinese": "烈酒",
    "sub category": "",
    "main category": "“DRINK 飲品”",
    "price": "",
    "vegetarian": "",
    "glutenfree": "",
    "spicy": ""
  },
  {
    "image": "",
    "id": 39,
    "name": "",
    "Chinese name": "",
    "description": "",
    "category": "Spirits",
    "category chinese": "烈酒",
    "sub category": "",
    "main category": "“DRINK 飲品”",
    "price": "",
    "vegetarian": "",
    "glutenfree": "",
    "spicy": ""
  },
  {
    "image": "",
    "id": 40,
    "name": "",
    "Chinese name": "",
    "description": "",
    "category": "Spirits",
    "category chinese": "烈酒",
    "sub category": "Irish Whisky",
    "main category": "“DRINK 飲品”",
    "price": 11,
    "vegetarian": "",
    "glutenfree": "",
    "spicy": ""
  },
  {
    "image": "",
    "id": 41,
    "name": "",
    "Chinese name": "",
    "description": "",
    "category": "Spirits",
    "category chinese": "烈酒",
    "sub category": "",
    "main category": "“DRINK 飲品”",
    "price": "",
    "vegetarian": "",
    "glutenfree": "",
    "spicy": ""
  },
  {
    "image": "",
    "id": 42,
    "name": "",
    "Chinese name": "",
    "description": "",
    "category": "Spirits",
    "category chinese": "烈酒",
    "sub category": "",
    "main category": "“DRINK 飲品”",
    "price": "",
    "vegetarian": "",
    "glutenfree": "",
    "spicy": ""
  },
  {
    "image": "",
    "id": 43,
    "name": "",
    "Chinese name": "",
    "description": "",
    "category": "Spirits",
    "category chinese": "烈酒",
    "sub category": "",
    "main category": "“DRINK 飲品”",
    "price": "",
    "vegetarian": "",
    "glutenfree": "",
    "spicy": ""
  },
  {
    "image": "",
    "id": 44,
    "name": "",
    "Chinese name": "",
    "description": "",
    "category": "Spirits",
    "category chinese": "烈酒",
    "sub category": "Gin",
    "main category": "“DRINK 飲品”",
    "price": 11,
    "vegetarian": "",
    "glutenfree": "",
    "spicy": ""
  },
  {
    "image": "",
    "id": 45,
    "name": "",
    "Chinese name": "",
    "description": "",
    "category": "Spirits",
    "category chinese": "烈酒",
    "sub category": "",
    "main category": "“DRINK 飲品”",
    "price": 11,
    "vegetarian": "",
    "glutenfree": "",
    "spicy": ""
  },
  {
    "image": "",
    "id": 46,
    "name": "",
    "Chinese name": "",
    "description": "",
    "category": "Spirits",
    "category chinese": "烈酒",
    "sub category": "",
    "main category": "“DRINK 飲品”",
    "price": "",
    "vegetarian": "",
    "glutenfree": "",
    "spicy": ""
  },
  {
    "image": "",
    "id": 47,
    "name": "",
    "Chinese name": "",
    "description": "",
    "category": "Spirits",
    "category chinese": "烈酒",
    "sub category": "",
    "main category": "“DRINK 飲品”",
    "price": "",
    "vegetarian": "",
    "glutenfree": "",
    "spicy": ""
  },
  {
    "image": "",
    "id": 48,
    "name": "",
    "Chinese name": "",
    "description": "",
    "category": "Spirits",
    "category chinese": "烈酒",
    "sub category": "Bourbon",
    "main category": "“DRINK 飲品”",
    "price": 14,
    "vegetarian": "",
    "glutenfree": "",
    "spicy": ""
  },
  {
    "image": "",
    "id": 49,
    "name": "",
    "Chinese name": "",
    "description": "",
    "category": "Spirits",
    "category chinese": "烈酒",
    "sub category": "",
    "main category": "“DRINK 飲品”",
    "price": 14,
    "vegetarian": "",
    "glutenfree": "",
    "spicy": ""
  },
  {
    "image": "",
    "id": 50,
    "name": "",
    "Chinese name": "",
    "description": "",
    "category": "Spirits",
    "category chinese": "烈酒",
    "sub category": "",
    "main category": "“DRINK 飲品”",
    "price": "",
    "vegetarian": "",
    "glutenfree": "",
    "spicy": ""
  },
  {
    "image": "",
    "id": 51,
    "name": "",
    "Chinese name": "",
    "description": "",
    "category": "Spirits",
    "category chinese": "烈酒",
    "sub category": "",
    "main category": "“DRINK 飲品”",
    "price": "",
    "vegetarian": "",
    "glutenfree": "",
    "spicy": ""
  },
  {
    "image": "",
    "id": 52,
    "name": "",
    "Chinese name": "",
    "description": "",
    "category": "Spirits",
    "category chinese": "烈酒",
    "sub category": "",
    "main category": "“DRINK 飲品”",
    "price": "",
    "vegetarian": "",
    "glutenfree": "",
    "spicy": ""
  },
  {
    "image": "",
    "id": 53,
    "name": "",
    "Chinese name": "",
    "description": "",
    "category": "Spirits",
    "category chinese": "烈酒",
    "sub category": "Tequila",
    "main category": "“DRINK 飲品”",
    "price": 13,
    "vegetarian": "",
    "glutenfree": "",
    "spicy": ""
  },
  {
    "image": "",
    "id": 54,
    "name": "",
    "Chinese name": "",
    "description": "",
    "category": "Spirits",
    "category chinese": "烈酒",
    "sub category": "",
    "main category": "“DRINK 飲品”",
    "price": 9,
    "vegetarian": "",
    "glutenfree": "",
    "spicy": ""
  },
  {
    "image": "",
    "id": 55,
    "name": "",
    "Chinese name": "",
    "description": "",
    "category": "Spirits",
    "category chinese": "烈酒",
    "sub category": "",
    "main category": "“DRINK 飲品”",
    "price": "",
    "vegetarian": "",
    "glutenfree": "",
    "spicy": ""
  },
  {
    "image": "",
    "id": 56,
    "name": "",
    "Chinese name": "",
    "description": "",
    "category": "Spirits",
    "category chinese": "烈酒",
    "sub category": "Rum",
    "main category": "“DRINK 飲品”",
    "price": 10,
    "vegetarian": "",
    "glutenfree": "",
    "spicy": ""
  },
  {
    "image": "",
    "id": 57,
    "name": "",
    "Chinese name": "",
    "description": "",
    "category": "Spirits",
    "category chinese": "烈酒",
    "sub category": "",
    "main category": "“DRINK 飲品”",
    "price": "",
    "vegetarian": "",
    "glutenfree": "",
    "spicy": ""
  },
  {
    "image": "",
    "id": 58,
    "name": "Breeze Oolong Tea (1)",
    "Chinese name": "和煦烏龍茶",
    "description": "",
    "category": "Soft Drink",
    "category chinese": "軟飲",
    "sub category": "",
    "main category": "“DRINK 飲品”",
    "price": 4,
    "vegetarian": "",
    "glutenfree": "",
    "spicy": ""
  },
  {
    "image": "",
    "id": 59,
    "name": "Pu-Er Tea (1)",
    "Chinese name": "普洱茶",
    "description": "",
    "category": "Soft Drink",
    "category chinese": "軟飲",
    "sub category": "",
    "main category": "“DRINK 飲品”",
    "price": 3.5,
    "vegetarian": "",
    "glutenfree": "",
    "spicy": ""
  },
  {
    "image": "",
    "id": 60,
    "name": "Jasmine Green Tea",
    "Chinese name": "茉莉花茶",
    "description": "",
    "category": "Soft Drink",
    "category chinese": "軟飲",
    "sub category": "",
    "main category": "“DRINK 飲品”",
    "price": 3.5,
    "vegetarian": "",
    "glutenfree": "",
    "spicy": ""
  },
  {
    "image": "",
    "id": 61,
    "name": "Soda",
    "Chinese name": "汽水",
    "description": "Coke/Diet Coke/Ginger Ale/Club Soda",
    "category": "Soft Drink",
    "category chinese": "軟飲",
    "sub category": "",
    "main category": "“DRINK 飲品”",
    "price": 2.5,
    "vegetarian": "",
    "glutenfree": "",
    "spicy": ""
  },
  {
    "image": "",
    "id": 62,
    "name": "S. Pellegrino Sparkling Water",
    "Chinese name": "聖培露氣泡水 (大）",
    "description": "Carbonated natural water (750mL)",
    "category": "Soft Drink",
    "category chinese": "軟飲",
    "sub category": "",
    "main category": "“DRINK 飲品”",
    "price": 8,
    "vegetarian": "",
    "glutenfree": "",
    "spicy": ""
  },
  {
    "image": "",
    "id": 63,
    "name": "",
    "Chinese name": "",
    "description": "",
    "category": "Soft Drink",
    "category chinese": "軟飲",
    "sub category": "",
    "main category": "“FOOD 食物”",
    "price": "",
    "vegetarian": "",
    "glutenfree": "",
    "spicy": ""
  },
  {
    "image": "",
    "id": 64,
    "name": "Bang Bang Chicken",
    "Chinese name": "棒棒雞絲",
    "description": "Chicken, chili oil, peppercorn, sesame, peanut, scallion",
    "category": "Cold Appetizer",
    "category chinese": "凉菜",
    "sub category": "",
    "main category": "“FOOD 食物”",
    "price": 10,
    "vegetarian": "",
    "glutenfree": "",
    "spicy": "s"
  },
  {
    "image": "",
    "id": 65,
    "name": "Thousand-Year Egg and Tofu Roll",
    "Chinese name": "剁椒皮蛋豆腐",
    "description": "Preserved egg, roasted chili sauce, tofu, cucumber, scallion",
    "category": "Cold Appetizer",
    "category chinese": "凉菜",
    "sub category": "",
    "main category": "“FOOD 食物”",
    "price": 10,
    "vegetarian": "",
    "glutenfree": "",
    "spicy": "ss"
  },
  {
    "image": "",
    "id": 66,
    "name": "Husband and Wife Special",
    "Chinese name": "夫妻肺片",
    "description": "Beef shank and tripe mixed with special chili sauce",
    "category": "Cold Appetizer",
    "category chinese": "凉菜",
    "sub category": "",
    "main category": "“FOOD 食物”",
    "price": 16,
    "vegetarian": "",
    "glutenfree": "",
    "spicy": "s"
  },
  {
    "image": "",
    "id": 67,
    "name": "Pork in Garlic Dressing",
    "Chinese name": "蒜泥白肉卷",
    "description": "Pork belly slice, cucumber",
    "category": "Cold Appetizer",
    "category chinese": "凉菜",
    "sub category": "",
    "main category": "“FOOD 食物”",
    "price": 14,
    "vegetarian": "",
    "glutenfree": "",
    "spicy": "s"
  },
  {
    "image": "",
    "id": 68,
    "name": "Mala Beef",
    "Chinese name": "麻辣陳皮牛肉",
    "description": "Marinated beef jerky, chili pepper, orange peel",
    "category": "Cold Appetizer",
    "category chinese": "凉菜",
    "sub category": "",
    "main category": "“FOOD 食物”",
    "price": 12,
    "vegetarian": "",
    "glutenfree": "",
    "spicy": "s"
  },
  {
    "image": "",
    "id": 69,
    "name": "Sichuan Mungbean Cold Noodle",
    "Chinese name": "川北涼粉",
    "description": "Mungbean noodle, chili oil, sesame, fermented bean",
    "category": "Cold Appetizer",
    "category chinese": "凉菜",
    "sub category": "",
    "main category": "“FOOD 食物”",
    "price": 10,
    "vegetarian": "v",
    "glutenfree": "",
    "spicy": "s"
  },
  {
    "image": "",
    "id": 70,
    "name": "Scallion Sauce Cucumber",
    "Chinese name": "蔥油黃瓜",
    "description": "Cucumber, scallion sauce",
    "category": "Cold Appetizer",
    "category chinese": "凉菜",
    "sub category": "",
    "main category": "“FOOD 食物”",
    "price": 8,
    "vegetarian": "v",
    "glutenfree": "gf",
    "spicy": ""
  },
  {
    "image": "",
    "id": 71,
    "name": "Pickled Woodear Mushroom",
    "Chinese name": "跳水木耳",
    "description": "Woodear mushroom, onion",
    "category": "Cold Appetizer",
    "category chinese": "凉菜",
    "sub category": "",
    "main category": "“FOOD 食物”",
    "price": 8,
    "vegetarian": "v",
    "glutenfree": "",
    "spicy": "s"
  },
  {
    "image": "",
    "id": 72,
    "name": "Ginger Sauce String Bean",
    "Chinese name": "薑汁四季豆",
    "description": "String bean, ginger sauce",
    "category": "Cold Appetizer",
    "category chinese": "凉菜",
    "sub category": "",
    "main category": "“FOOD 食物”",
    "price": 8,
    "vegetarian": "v",
    "glutenfree": "gf",
    "spicy": ""
  },
  {
    "image": "",
    "id": 73,
    "name": "",
    "Chinese name": "",
    "description": "",
    "category": "Cold Appetizer",
    "category chinese": "凉菜",
    "sub category": "",
    "main category": "“FOOD 食物”",
    "price": "",
    "vegetarian": "",
    "glutenfree": "",
    "spicy": ""
  },
  {
    "image": "",
    "id": 74,
    "name": "",
    "Chinese name": "",
    "description": "",
    "category": "Cold Appetizer",
    "category chinese": "凉菜",
    "sub category": "",
    "main category": "“FOOD 食物”",
    "price": "",
    "vegetarian": "",
    "glutenfree": "",
    "spicy": ""
  },
  {
    "image": "",
    "id": 75,
    "name": "Pork Soup Dumpling (4)",
    "Chinese name": "小籠湯包",
    "description": "Ground pork, wheat flour",
    "category": "Dim Sum",
    "category chinese": "點心",
    "sub category": "",
    "main category": "“FOOD 食物”",
    "price": 10,
    "vegetarian": "",
    "glutenfree": "",
    "spicy": ""
  },
  {
    "image": "",
    "id": 76,
    "name": "Crab Soup Dumpling (4)",
    "Chinese name": "蟹粉小籠湯包",
    "description": "Ground pork, crab roe, wheat flour",
    "category": "Dim Sum",
    "category chinese": "點心",
    "sub category": "",
    "main category": "“FOOD 食物”",
    "price": 10,
    "vegetarian": "",
    "glutenfree": "",
    "spicy": ""
  },
  {
    "image": "",
    "id": 77,
    "name": "Chicken Mushroom Soup Dumpling(4)",
    "Chinese name": "雞肉香菇小籠湯包",
    "description": "Chicken, shiitake mushroom, truffle, wheat flour",
    "category": "Dim Sum",
    "category chinese": "點心",
    "sub category": "",
    "main category": "“FOOD 食物”",
    "price": 10,
    "vegetarian": "",
    "glutenfree": "",
    "spicy": ""
  },
  {
    "image": "",
    "id": 78,
    "name": "Vegetable Potsticker (4)",
    "Chinese name": "素貼/蒸素餃",
    "description": "Bok choy, cabbage, glass noodle, shiitake mushroom, wheat flour (can be made steamed)",
    "category": "Dim Sum",
    "category chinese": "點心",
    "sub category": "",
    "main category": "“FOOD 食物”",
    "price": 10,
    "vegetarian": "v",
    "glutenfree": "",
    "spicy": ""
  },
  {
    "image": "",
    "id": 79,
    "name": "Pork Potsticker (4)",
    "Chinese name": "鍋貼/蒸餃",
    "description": "Ground pork, wheat flour (can be made steamed)",
    "category": "Dim Sum",
    "category chinese": "點心",
    "sub category": "",
    "main category": "“FOOD 食物”",
    "price": 10,
    "vegetarian": "",
    "glutenfree": "",
    "spicy": ""
  },
  {
    "image": "",
    "id": 80,
    "name": "Pan Fried Pork Bun (4)",
    "Chinese name": "生煎包",
    "description": "Ground pork, wheat flour",
    "category": "Dim Sum",
    "category chinese": "點心",
    "sub category": "",
    "main category": "“FOOD 食物”",
    "price": 10,
    "vegetarian": "",
    "glutenfree": "",
    "spicy": ""
  },
  {
    "image": "",
    "id": 81,
    "name": "Siu Mai with Salted Duck Egg Yolk (4)",
    "Chinese name": "鹹蛋黃豬肉燒麥",
    "description": "Sticky Rice, ground pork, Salted duck egg yolk",
    "category": "Dim Sum",
    "category chinese": "點心",
    "sub category": "",
    "main category": "“FOOD 食物”",
    "price": 10,
    "vegetarian": "",
    "glutenfree": "",
    "spicy": ""
  },
  {
    "image": "",
    "id": 82,
    "name": "Scallion Pancakes",
    "Chinese name": "蔥油餅",
    "description": "Wheat flour, scallion",
    "category": "Dim Sum",
    "category chinese": "點心",
    "sub category": "",
    "main category": "“FOOD 食物”",
    "price": 8,
    "vegetarian": "v",
    "glutenfree": "",
    "spicy": ""
  },
  {
    "image": "",
    "id": 83,
    "name": "Crystal Shrimp Dumpling (4)",
    "Chinese name": "水晶蝦餃",
    "description": "Shrimp, potato starch",
    "category": "Dim Sum",
    "category chinese": "點心",
    "sub category": "",
    "main category": "“FOOD 食物”",
    "price": 10,
    "vegetarian": "",
    "glutenfree": "",
    "spicy": ""
  },
  {
    "image": "",
    "id": 84,
    "name": "Wonton in Chili Sauce",
    "Chinese name": "紅油抄手",
    "description": "Pork, wheat flour, pepper, sesame",
    "category": "Dim Sum",
    "category chinese": "點心",
    "sub category": "",
    "main category": "“FOOD 食物”",
    "price": 10,
    "vegetarian": "",
    "glutenfree": "",
    "spicy": "s"
  },
  {
    "image": "",
    "id": 85,
    "name": "Pork Dumpling in Chili Oil",
    "Chinese name": "鐘水餃",
    "description": "Pork, wheat flour, pepper, sesame",
    "category": "Dim Sum",
    "category chinese": "點心",
    "sub category": "",
    "main category": "“FOOD 食物”",
    "price": 10,
    "vegetarian": "",
    "glutenfree": "",
    "spicy": "s"
  },
  {
    "image": "",
    "id": 86,
    "name": "",
    "Chinese name": "",
    "description": "",
    "category": "Dim Sum",
    "category chinese": "點心",
    "sub category": "",
    "main category": "“FOOD 食物”",
    "price": "",
    "vegetarian": "",
    "glutenfree": "",
    "spicy": ""
  },
  {
    "image": "",
    "id": 87,
    "name": "",
    "Chinese name": "",
    "description": "",
    "category": "Dim Sum",
    "category chinese": "點心",
    "sub category": "",
    "main category": "“FOOD 食物”",
    "price": "",
    "vegetarian": "",
    "glutenfree": "",
    "spicy": ""
  },
  {
    "image": "",
    "id": 88,
    "name": "",
    "Chinese name": "",
    "description": "",
    "category": "Entrée",
    "category chinese": "主菜",
    "sub category": "",
    "main category": "“FOOD 食物”",
    "price": "",
    "vegetarian": "",
    "glutenfree": "",
    "spicy": ""
  },
  {
    "image": "",
    "id": 89,
    "name": "",
    "Chinese name": "",
    "description": "",
    "category": "Entrée",
    "category chinese": "主菜",
    "sub category": "",
    "main category": "“FOOD 食物”",
    "price": "",
    "vegetarian": "",
    "glutenfree": "",
    "spicy": ""
  },
  {
    "image": "",
    "id": 90,
    "name": "Whole Fish with Spicy Bean Paste for 2",
    "Chinese name": "豆瓣魚",
    "description": "Live whole seabass braised in spicy bean paste sauce",
    "category": "Entrée",
    "category chinese": "主菜",
    "sub category": "",
    "main category": "“FOOD 食物”",
    "price": 32,
    "vegetarian": "",
    "glutenfree": "",
    "spicy": "s"
  },
  {
    "image": "",
    "id": 91,
    "name": "Fish Blossom for 2",
    "Chinese name": "松子魚",
    "description": "Live whole seabass, pine nut, pea, carrot",
    "category": "Entrée",
    "category chinese": "主菜",
    "sub category": "",
    "main category": "“FOOD 食物”",
    "price": 32,
    "vegetarian": "",
    "glutenfree": "",
    "spicy": ""
  },
  {
    "image": "",
    "id": 92,
    "name": "Tea Smoked Duck",
    "Chinese name": "樟茶鴨",
    "description": "1/4 Tea smoked duck (deboned), shredded scallion, shredded cucumber, 4 pcs steam bum, duck sauce",
    "category": "Entrée",
    "category chinese": "主菜",
    "sub category": "",
    "main category": "“FOOD 食物”",
    "price": "20",
    "vegetarian": "",
    "glutenfree": "",
    "spicy": ""
  },
  {
    "image": "",
    "id": 93,
    "name": "Stir Fried Chicken with Chive Flower",
    "Chinese name": "雞絲韭菜花",
    "description": "Chive flower stir-fired with shredded chicken",
    "category": "Entrée",
    "category chinese": "主菜",
    "sub category": "",
    "main category": "“FOOD 食物”",
    "price": 18,
    "vegetarian": "",
    "glutenfree": "gf",
    "spicy": ""
  },
  {
    "image": "",
    "id": 94,
    "name": "Diced Chicken with Chili Pepper",
    "Chinese name": "辣子雞丁",
    "description": "Chicken, dry chili pepper, Sichuan peppercorn, sesame",
    "category": "Entrée",
    "category chinese": "主菜",
    "sub category": "",
    "main category": "“FOOD 食物”",
    "price": 24,
    "vegetarian": "",
    "glutenfree": "",
    "spicy": "ss"
  },
  {
    "image": "",
    "id": 95,
    "name": "Kung Pao Chicken",
    "Chinese name": "宮保雞丁",
    "description": "Stir-fried with peanut, peppercorn, dried chili pepper, garlic",
    "category": "Entrée",
    "category chinese": "主菜",
    "sub category": "",
    "main category": "“FOOD 食物”",
    "price": 18,
    "vegetarian": "",
    "glutenfree": "",
    "spicy": "s"
  },
  {
    "image": "",
    "id": 96,
    "name": "Braised Beef in Red Soup for 2",
    "Chinese name": "紅湯肥牛",
    "description": "Beef slice, enoki mushroom, glass noodle, bell pepper",
    "category": "Entrée",
    "category chinese": "主菜",
    "sub category": "",
    "main category": "“FOOD 食物”",
    "price": 28,
    "vegetarian": "",
    "glutenfree": "",
    "spicy": "ss"
  },
  {
    "image": "",
    "id": 97,
    "name": "Shredded Beef with Green Chili",
    "Chinese name": "小椒牛肉絲",
    "description": "Shredded beef sautéed Asian chili pepper",
    "category": "Entrée",
    "category chinese": "主菜",
    "sub category": "",
    "main category": "“FOOD 食物”",
    "price": 22,
    "vegetarian": "",
    "glutenfree": "",
    "spicy": "ss"
  },
  {
    "image": "",
    "id": 98,
    "name": "Dry Pot Baby Rib with Potato Slice",
    "Chinese name": "幹鍋排骨土豆片",
    "description": "Baby pork rib, potato slice, onion, red bell pepper",
    "category": "Entrée",
    "category chinese": "主菜",
    "sub category": "",
    "main category": "“FOOD 食物”",
    "price": 22,
    "vegetarian": "",
    "glutenfree": "",
    "spicy": "s"
  },
  {
    "image": "",
    "id": 99,
    "name": "Sichuan Beef Stew",
    "Chinese name": "川味牛腩煲",
    "description": "Braised beef brisket, potato, carrot",
    "category": "Entrée",
    "category chinese": "主菜",
    "sub category": "",
    "main category": "“FOOD 食物”",
    "price": 23,
    "vegetarian": "",
    "glutenfree": "",
    "spicy": "s"
  },
  {
    "image": "",
    "id": 100,
    "name": "Fei Hong Shrimp",
    "Chinese name": "飛鴻大蝦",
    "description": "Fried shell-on shrimp, peanut, fried chili pepper",
    "category": "Entrée",
    "category chinese": "主菜",
    "sub category": "",
    "main category": "“FOOD 食物”",
    "price": 27,
    "vegetarian": "",
    "glutenfree": "",
    "spicy": "s"
  },
  {
    "image": "",
    "id": 101,
    "name": "Spicy Cumin Lamb",
    "Chinese name": "香辣孜然羊",
    "description": "Lamb, onion, green chili pepper, dry chili pepper",
    "category": "Entrée",
    "category chinese": "主菜",
    "sub category": "",
    "main category": "“FOOD 食物”",
    "price": 26,
    "vegetarian": "",
    "glutenfree": "",
    "spicy": "s"
  },
  {
    "image": "",
    "id": 102,
    "name": "Hunan Stir Fried Pork",
    "Chinese name": "湖南小炒肉",
    "description": "Pork belly stir-fried with Bird’s eye chili pepper and Asian chili pepper",
    "category": "Entrée",
    "category chinese": "主菜",
    "sub category": "",
    "main category": "“FOOD 食物”",
    "price": 21,
    "vegetarian": "",
    "glutenfree": "",
    "spicy": "ss"
  },
  {
    "image": "",
    "id": 103,
    "name": "Ma Po Tofu",
    "Chinese name": "麻婆豆腐",
    "description": "Tofu, leek,  (add minced pork +3)",
    "category": "Entrée",
    "category chinese": "主菜",
    "sub category": "",
    "main category": "“FOOD 食物”",
    "price": 17,
    "vegetarian": "v",
    "glutenfree": "",
    "spicy": "ss"
  },
  {
    "image": "",
    "id": 104,
    "name": "Crab Tofu",
    "Chinese name": "蟹粉豆腐",
    "description": "Tofu, salted duck egg yolk, crabmeat",
    "category": "Entrée",
    "category chinese": "主菜",
    "sub category": "",
    "main category": "“FOOD 食物”",
    "price": 22,
    "vegetarian": "",
    "glutenfree": "gf",
    "spicy": ""
  },
  {
    "image": "",
    "id": 105,
    "name": "Sautéed Tea Tree Mushroom",
    "Chinese name": "炒茶樹菇",
    "description": "Tea tree mushroom, bell pepper, onion",
    "category": "Entrée",
    "category chinese": "主菜",
    "sub category": "",
    "main category": "“FOOD 食物”",
    "price": 18,
    "vegetarian": "v",
    "glutenfree": "",
    "spicy": ""
  },
  {
    "image": "",
    "id": 106,
    "name": "Sautéed King Oyster Mushroom",
    "Chinese name": "炒杏鮑菇",
    "description": "King oyster mushroom, bell pepper, onion",
    "category": "Entrée",
    "category chinese": "主菜",
    "sub category": "",
    "main category": "“FOOD 食物”",
    "price": 18,
    "vegetarian": "v",
    "glutenfree": "",
    "spicy": ""
  },
  {
    "image": "",
    "id": 107,
    "name": "Sautéed String Bean with Minced Pork",
    "Chinese name": "幹煸四季豆",
    "description": "String bean, minced pork, fermented mustard green, chili peppercorn (vegetarian option avaliable)",
    "category": "Entrée",
    "category chinese": "主菜",
    "sub category": "",
    "main category": "“FOOD 食物”",
    "price": 18,
    "vegetarian": "",
    "glutenfree": "",
    "spicy": "s"
  },
  {
    "image": "",
    "id": 108,
    "name": "Sautéed Snow Pea Shoot",
    "Chinese name": "蒜炒豆苗",
    "description": "Snow pea shoot, garlic",
    "category": "Entrée",
    "category chinese": "主菜",
    "sub category": "",
    "main category": "“FOOD 食物”",
    "price": 18,
    "vegetarian": "v",
    "glutenfree": "gf",
    "spicy": ""
  },
  {
    "image": "",
    "id": 109,
    "name": "",
    "Chinese name": "",
    "description": "",
    "category": "Entrée",
    "category chinese": "主菜",
    "sub category": "",
    "main category": "“FOOD 食物”",
    "price": "",
    "vegetarian": "",
    "glutenfree": "",
    "spicy": ""
  },
  {
    "image": "",
    "id": 110,
    "name": "",
    "Chinese name": "",
    "description": "",
    "category": "Entrée",
    "category chinese": "主菜",
    "sub category": "",
    "main category": "“FOOD 食物”",
    "price": "",
    "vegetarian": "",
    "glutenfree": "",
    "spicy": ""
  },
  {
    "image": "",
    "id": 111,
    "name": "",
    "Chinese name": "",
    "description": "",
    "category": "Entrée",
    "category chinese": "主菜",
    "sub category": "",
    "main category": "“FOOD 食物”",
    "price": "",
    "vegetarian": "",
    "glutenfree": "",
    "spicy": ""
  },
  {
    "image": "",
    "id": 112,
    "name": "",
    "Chinese name": "",
    "description": "",
    "category": "Entrée",
    "category chinese": "主菜",
    "sub category": "",
    "main category": "“FOOD 食物”",
    "price": "",
    "vegetarian": "",
    "glutenfree": "",
    "spicy": ""
  },
  {
    "image": "",
    "id": 113,
    "name": "",
    "Chinese name": "",
    "description": "",
    "category": "Entrée",
    "category chinese": "主菜",
    "sub category": "",
    "main category": "“FOOD 食物”",
    "price": "",
    "vegetarian": "",
    "glutenfree": "",
    "spicy": ""
  },
  {
    "image": "",
    "id": 114,
    "name": "",
    "Chinese name": "",
    "description": "",
    "category": "Entrée",
    "category chinese": "主菜",
    "sub category": "",
    "main category": "“FOOD 食物”",
    "price": "",
    "vegetarian": "",
    "glutenfree": "",
    "spicy": ""
  },
  {
    "image": "",
    "id": 115,
    "name": "",
    "Chinese name": "",
    "description": "",
    "category": "Entrée",
    "category chinese": "主菜",
    "sub category": "",
    "main category": "“FOOD 食物”",
    "price": "",
    "vegetarian": "",
    "glutenfree": "",
    "spicy": ""
  },
  {
    "image": "",
    "id": 116,
    "name": "",
    "Chinese name": "",
    "description": "",
    "category": "Entrée",
    "category chinese": "主菜",
    "sub category": "",
    "main category": "“FOOD 食物”",
    "price": "",
    "vegetarian": "",
    "glutenfree": "",
    "spicy": ""
  },
  {
    "image": "",
    "id": 117,
    "name": "",
    "Chinese name": "",
    "description": "",
    "category": "Entrée",
    "category chinese": "主菜",
    "sub category": "",
    "main category": "“FOOD 食物”",
    "price": "",
    "vegetarian": "",
    "glutenfree": "",
    "spicy": ""
  },
  {
    "image": "",
    "id": 118,
    "name": "Veggie Fried Rice",
    "Chinese name": "素炒飯",
    "description": "King oyster mushroom, onion, pea (egg option avaliable)",
    "category": "Rice",
    "category chinese": "米飯",
    "sub category": "",
    "main category": "“FOOD 食物”",
    "price": 12,
    "vegetarian": "v",
    "glutenfree": "gf",
    "spicy": ""
  },
  {
    "image": "",
    "id": 119,
    "name": "Fried Rice with Minced Pork",
    "Chinese name": "芽菜臊子炒飯",
    "description": "Minced pork, mustard green, egg (vegetarian option avaliable)",
    "category": "Rice",
    "category chinese": "米飯",
    "sub category": "",
    "main category": "“FOOD 食物”",
    "price": 12,
    "vegetarian": "",
    "glutenfree": "",
    "spicy": ""
  },
  {
    "image": "",
    "id": 120,
    "name": "Fried Rice with Shrimp",
    "Chinese name": "蝦仁蛋炒飯",
    "description": "Shrimp, onion, egg",
    "category": "Rice",
    "category chinese": "米飯",
    "sub category": "",
    "main category": "“FOOD 食物”",
    "price": 15,
    "vegetarian": "",
    "glutenfree": "gf",
    "spicy": ""
  },
  {
    "image": "",
    "id": 121,
    "name": "Fried Rice with Shreded Duck",
    "Chinese name": "鴨絲炒飯",
    "description": "Shredded tea smoked duck, egg, carrot, corn, pea",
    "category": "Rice",
    "category chinese": "米飯",
    "sub category": "",
    "main category": "“FOOD 食物”",
    "price": 15,
    "vegetarian": "",
    "glutenfree": "gf",
    "spicy": ""
  },
  {
    "image": "",
    "id": 122,
    "name": "Eight Grain Purple Rice",
    "Chinese name": "八谷雜糧紫米飯",
    "description": "Purple rice, yellow millet, pinto bean, brown rice, sorghum, barley, glutinous rice, red glutinous rice",
    "category": "Rice",
    "category chinese": "米飯",
    "sub category": "",
    "main category": "“FOOD 食物”",
    "price": 3,
    "vegetarian": "",
    "glutenfree": "",
    "spicy": ""
  },
  {
    "image": "",
    "id": 123,
    "name": "White Rice",
    "Chinese name": "白米飯",
    "description": "",
    "category": "Rice",
    "category chinese": "米飯",
    "sub category": "",
    "main category": "“FOOD 食物”",
    "price": 2,
    "vegetarian": "",
    "glutenfree": "",
    "spicy": ""
  },
  {
    "image": "",
    "id": 124,
    "name": "",
    "Chinese name": "",
    "description": "",
    "category": "Rice",
    "category chinese": "米飯",
    "sub category": "",
    "main category": "“FOOD 食物”",
    "price": "",
    "vegetarian": "",
    "glutenfree": "",
    "spicy": ""
  },
  {
    "image": "",
    "id": 125,
    "name": "",
    "Chinese name": "",
    "description": "",
    "category": "Rice",
    "category chinese": "米飯",
    "sub category": "",
    "main category": "“FOOD 食物”",
    "price": "",
    "vegetarian": "",
    "glutenfree": "",
    "spicy": ""
  },
  {
    "image": "",
    "id": 126,
    "name": "",
    "Chinese name": "",
    "description": "",
    "category": "Rice",
    "category chinese": "米飯",
    "sub category": "",
    "main category": "“FOOD 食物”",
    "price": "",
    "vegetarian": "",
    "glutenfree": "",
    "spicy": ""
  },
  {
    "image": "",
    "id": 127,
    "name": "",
    "Chinese name": "",
    "description": "",
    "category": "Rice",
    "category chinese": "米飯",
    "sub category": "",
    "main category": "“FOOD 食物”",
    "price": "",
    "vegetarian": "",
    "glutenfree": "",
    "spicy": ""
  },
  {
    "image": "",
    "id": 128,
    "name": "Ice Jelly",
    "Chinese name": "冰粉",
    "description": "Chilled Ice Jelly, raisins, hawthorn, fermented rice, goji berry,sesame, brown sugar",
    "category": "Dessert",
    "category chinese": "甜點",
    "sub category": "",
    "main category": "“FOOD 食物”",
    "price": 6,
    "vegetarian": "v",
    "glutenfree": "gf",
    "spicy": ""
  },
  {
    "image": "",
    "id": 129,
    "name": "Rice Wine Soup",
    "Chinese name": "桂花酒釀湯圓",
    "description": "Sweet mini sesame and peanut rice ball, fermented rice, osmanthus",
    "category": "Dessert",
    "category chinese": "甜點",
    "sub category": "",
    "main category": "“FOOD 食物”",
    "price": 8,
    "vegetarian": "v",
    "glutenfree": "gf",
    "spicy": ""
  },
  {
    "image": "",
    "id": 130,
    "name": "Pumpkin Glutinous Rice Cake (4)",
    "Chinese name": "南瓜餅",
    "description": "Sticky rice pumpkin cake with red bean paste filling",
    "category": "Dessert",
    "category chinese": "甜點",
    "sub category": "",
    "main category": "“FOOD 食物”",
    "price": 10,
    "vegetarian": "v",
    "glutenfree": "",
    "spicy": ""
  },
  {
    "image": "",
    "id": 131,
    "name": "",
    "Chinese name": "",
    "description": "",
    "category": "Dessert",
    "category chinese": "甜點",
    "sub category": "",
    "main category": "“FOOD 食物”",
    "price": "",
    "vegetarian": "",
    "glutenfree": "",
    "spicy": ""
  },
  {
    "image": "",
    "id": 132,
    "name": "Stir Fried Chicken with Chive Flower (Lunch)",
    "Chinese name": "雞絲韭菜花午餐",
    "description": "",
    "category": "Lunch Special",
    "category chinese": "特時午餐",
    "sub category": "",
    "main category": "“LUNCH 特時午餐”",
    "price": 15,
    "vegetarian": "",
    "glutenfree": "gf",
    "spicy": ""
  },
  {
    "image": "",
    "id": 133,
    "name": "Shredded Beef with Green Chili (Lunch)",
    "Chinese name": "小椒牛肉絲午餐",
    "description": "",
    "category": "Lunch Special",
    "category chinese": "特時午餐",
    "sub category": "",
    "main category": "“LUNCH 特時午餐”",
    "price": 17,
    "vegetarian": "",
    "glutenfree": "",
    "spicy": "ss"
  },
  {
    "image": "",
    "id": 134,
    "name": "Kung Pao Chicken (Lunch)",
    "Chinese name": "宮保雞丁午餐",
    "description": "",
    "category": "Lunch Special",
    "category chinese": "特時午餐",
    "sub category": "",
    "main category": "“LUNCH 特時午餐”",
    "price": 15,
    "vegetarian": "",
    "glutenfree": "",
    "spicy": "s"
  },
  {
    "image": "",
    "id": 135,
    "name": "Sautéed Tea Tree Mushroom (Lunch)",
    "Chinese name": "炒茶樹菇午餐",
    "description": "",
    "category": "Lunch Special",
    "category chinese": "特時午餐",
    "sub category": "",
    "main category": "“LUNCH 特時午餐”",
    "price": 16,
    "vegetarian": "v",
    "glutenfree": "",
    "spicy": ""
  },
  {
    "image": "",
    "id": 136,
    "name": "Sautéed String Bean with Minced Pork (Lunch)",
    "Chinese name": "幹煸四季豆午餐",
    "description": "",
    "category": "Lunch Special",
    "category chinese": "特時午餐",
    "sub category": "",
    "main category": "“LUNCH 特時午餐”",
    "price": 14,
    "vegetarian": "",
    "glutenfree": "",
    "spicy": "s"
  },
  {
    "image": "",
    "id": 137,
    "name": "Dry Pot Baby Rib with Potato Slice (Lunch)",
    "Chinese name": "幹鍋排骨土豆片午餐",
    "description": "",
    "category": "Lunch Special",
    "category chinese": "特時午餐",
    "sub category": "",
    "main category": "“LUNCH 特時午餐”",
    "price": 16,
    "vegetarian": "",
    "glutenfree": "",
    "spicy": "s"
  },
  {
    "image": "",
    "id": 138,
    "name": "Ma Po Tofu (Lunch)",
    "Chinese name": "麻婆豆腐午餐",
    "description": "",
    "category": "Lunch Special",
    "category chinese": "特時午餐",
    "sub category": "",
    "main category": "“LUNCH 特時午餐”",
    "price": 15,
    "vegetarian": "v",
    "glutenfree": "",
    "spicy": "ss"
  },
  {
    "image": "",
    "id": 139,
    "name": "Crab Tofu (Lunch)",
    "Chinese name": "蟹粉豆腐午餐",
    "description": "",
    "category": "Lunch Special",
    "category chinese": "特時午餐",
    "sub category": "",
    "main category": "“LUNCH 特時午餐”",
    "price": 17,
    "vegetarian": "",
    "glutenfree": "gf",
    "spicy": ""
  },
  {
    "image": "",
    "id": 140,
    "name": "W/ White Rice",
    "Chinese name": "帶/ 白飯",
    "description": "",
    "category": "Lunch Special",
    "category chinese": "特時午餐",
    "sub category": "Rice",
    "main category": "“LUNCH 特時午餐”",
    "price": "",
    "vegetarian": "",
    "glutenfree": "",
    "spicy": ""
  },
  {
    "image": "",
    "id": 141,
    "name": "W/ Side",
    "Chinese name": "帶/ 涼菜",
    "description": "Pickled Woodear Mushroom (Spicy) or Scallion Sauce Cucumber",
    "category": "Lunch Special",
    "category chinese": "特時午餐",
    "sub category": "Side",
    "main category": "“LUNCH 特時午餐”",
    "price": "",
    "vegetarian": "",
    "glutenfree": "",
    "spicy": ""
  },
  {
    "image": "",
    "id": 142,
    "name": "",
    "Chinese name": "",
    "description": "",
    "category": "Lunch Special",
    "category chinese": "特時午餐",
    "sub category": "",
    "main category": "“LUNCH 特時午餐”",
    "price": "",
    "vegetarian": "",
    "glutenfree": "",
    "spicy": ""
  },
  {
    "image": "",
    "id": 143,
    "name": "",
    "Chinese name": "",
    "description": "",
    "category": "Lunch Special",
    "category chinese": "特時午餐",
    "sub category": "",
    "main category": "“LUNCH 特時午餐”",
    "price": "",
    "vegetarian": "",
    "glutenfree": "",
    "spicy": ""
  },
  {
    "image": "",
    "id": 144,
    "name": "",
    "Chinese name": "",
    "description": "",
    "category": "Lunch Special",
    "category chinese": "特時午餐",
    "sub category": "",
    "main category": "“LUNCH 特時午餐”",
    "price": "",
    "vegetarian": "",
    "glutenfree": "",
    "spicy": ""
  }
]