[
  {
    "image": "",
    "id": 1,
    "name": "Prosecco, “La Furlan“",
    "Chinese name": "",
    "description": "Aromas of lemon, melon, peach, pear, and white flowers. Fruit-forward, off-dry, medium acidity",
    "category": "Happy Hour",
    "category chinese": "畅饮",
    "sub category": "Sparkling",
    "main category": "“HAPPY HOUR 畅饮”",
    "price": 6,
    "vegetarian": "",
    "glutenfree": "",
    "spicy": ""
  },
  {
    "image": "",
    "id": 2,
    "name": "Sauvignon Blanc, \"Bonterra\" 2022",
    "Chinese name": "",
    "description": "Crisp acidity, vibrant, with grapefruit, lime, melon, and a tart finish (Organic Grapes)",
    "category": "Happy Hour",
    "category chinese": "畅饮",
    "sub category": "White",
    "main category": "“HAPPY HOUR 畅饮”",
    "price": 6,
    "vegetarian": "",
    "glutenfree": "",
    "spicy": ""
  },
  {
    "image": "",
    "id": 3,
    "name": "Sapporo Premium Lager",
    "Chinese name": "",
    "description": "Mild, malt-forward flavor with a clean and slightly sweet",
    "category": "Happy Hour",
    "category chinese": "畅饮",
    "sub category": "Beer",
    "main category": "“HAPPY HOUR 畅饮”",
    "price": 5,
    "vegetarian": "",
    "glutenfree": "",
    "spicy": ""
  },
  {
    "image": "",
    "id": 4,
    "name": "Whisky Sour",
    "Chinese name": "威士忌酸",
    "description": "Bourbon, fresh lemon juice, egg white (can be made vegan with aquafaba)",
    "category": "Cocktails",
    "category chinese": "鸡尾酒",
    "sub category": "",
    "main category": "“DRINK 饮品”",
    "price": 16,
    "vegetarian": "",
    "glutenfree": "",
    "spicy": ""
  },
  {
    "image": "",
    "id": 5,
    "name": "Old Fashioned",
    "Chinese name": "老绅士",
    "description": "Bourbon, angostura bitters, orange bitter",
    "category": "Cocktails",
    "category chinese": "鸡尾酒",
    "sub category": "",
    "main category": "“DRINK 饮品”",
    "price": 15,
    "vegetarian": "",
    "glutenfree": "",
    "spicy": ""
  },
  {
    "image": "",
    "id": 6,
    "name": "Dry Martini",
    "Chinese name": "马丁尼",
    "description": "Gin or vodka, dry vermouth, lemon twist or olive",
    "category": "Cocktails",
    "category chinese": "鸡尾酒",
    "sub category": "",
    "main category": "“DRINK 饮品”",
    "price": 15,
    "vegetarian": "",
    "glutenfree": "",
    "spicy": ""
  },
  {
    "image": "",
    "id": 7,
    "name": "Manhattan",
    "Chinese name": "曼哈顿",
    "description": "Rye whisky, sweet vermouth, angostura bitters",
    "category": "Cocktails",
    "category chinese": "鸡尾酒",
    "sub category": "",
    "main category": "“DRINK 饮品”",
    "price": 15,
    "vegetarian": "",
    "glutenfree": "",
    "spicy": ""
  },
  {
    "image": "",
    "id": 8,
    "name": "Negroni",
    "Chinese name": "内格罗尼",
    "description": "Gin, campari, sweet vermouth",
    "category": "Cocktails",
    "category chinese": "鸡尾酒",
    "sub category": "",
    "main category": "“DRINK 饮品”",
    "price": 15,
    "vegetarian": "",
    "glutenfree": "",
    "spicy": ""
  },
  {
    "image": "",
    "id": 9,
    "name": "Margarita",
    "Chinese name": "玛格丽特",
    "description": "Tequila, cointreau, fresh lime juice",
    "category": "Cocktails",
    "category chinese": "鸡尾酒",
    "sub category": "",
    "main category": "“DRINK 饮品”",
    "price": 15,
    "vegetarian": "",
    "glutenfree": "",
    "spicy": ""
  },
  {
    "image": "",
    "id": 10,
    "name": "Corpse Reviver#2",
    "Chinese name": "复苏者二号",
    "description": "Gin, cointreau, lillet blanc, absinthe, fresh lemon juice",
    "category": "Cocktails",
    "category chinese": "鸡尾酒",
    "sub category": "",
    "main category": "“DRINK 饮品”",
    "price": 15,
    "vegetarian": "",
    "glutenfree": "",
    "spicy": ""
  },
  {
    "image": "",
    "id": 11,
    "name": "",
    "Chinese name": "",
    "description": "",
    "category": "Chinese Wines and  Spirits",
    "category chinese": "",
    "sub category": "",
    "main category": "“DRINK 饮品”",
    "price": "",
    "vegetarian": "",
    "glutenfree": "",
    "spicy": ""
  },
  {
    "image": "",
    "id": 12,
    "name": "",
    "Chinese name": "",
    "description": "",
    "category": "Chinese Wines and  Spirits",
    "category chinese": "",
    "sub category": "",
    "main category": "“DRINK 饮品”",
    "price": "",
    "vegetarian": "",
    "glutenfree": "",
    "spicy": ""
  },
  {
    "image": "",
    "id": 13,
    "name": "Pinot Noir, \"The Stag\" 2020",
    "Chinese name": "",
    "description": "Exuberant aromas and flavors of wild berry, red cherry, vanilla, chocolate, and oak. Silky tannins, robust finish",
    "category": "Wine",
    "category chinese": "葡萄酒",
    "sub category": "",
    "main category": "“DRINK 饮品”",
    "price": "14/50",
    "vegetarian": "",
    "glutenfree": "",
    "spicy": ""
  },
  {
    "image": "",
    "id": 14,
    "name": "Chardonnay, \"The Stag\" 2021",
    "Chinese name": "",
    "description": "Lush tropical aromas, bright palate with passion fruit, pineapple, lemon zest, and a creamy finish",
    "category": "Wine",
    "category chinese": "葡萄酒",
    "sub category": "",
    "main category": "“DRINK 饮品”",
    "price": "11/40",
    "vegetarian": "",
    "glutenfree": "",
    "spicy": ""
  },
  {
    "image": "",
    "id": 15,
    "name": "Sauvignon Blanc, \"Bonterra\" 2022",
    "Chinese name": "",
    "description": "Crisp acidity, vibrant, with grapefruit, lime, melon, and a tart finish (Organic Grapes)",
    "category": "Wine",
    "category chinese": "葡萄酒",
    "sub category": "",
    "main category": "“DRINK 饮品”",
    "price": "11/40",
    "vegetarian": "",
    "glutenfree": "",
    "spicy": ""
  },
  {
    "image": "",
    "id": 16,
    "name": "Pinot Grigio, \"Santa Margherita\" 2022",
    "Chinese name": "",
    "description": "Dry with intense Golden Delicious apple and citrus aromas",
    "category": "Wine",
    "category chinese": "葡萄酒",
    "sub category": "",
    "main category": "“DRINK 饮品”",
    "price": "19/66",
    "vegetarian": "",
    "glutenfree": "",
    "spicy": ""
  },
  {
    "image": "",
    "id": 17,
    "name": "Prosecco, \"Santa Margherita",
    "Chinese name": "",
    "description": "Dry, bubbly, with pear and apple aromas",
    "category": "Wine",
    "category chinese": "葡萄酒",
    "sub category": "",
    "main category": "“DRINK 饮品”",
    "price": "17/60",
    "vegetarian": "",
    "glutenfree": "",
    "spicy": ""
  },
  {
    "image": "",
    "id": 18,
    "name": "Prosecco, “La Furlan“",
    "Chinese name": "",
    "description": "Aromas of lemon, melon, peach, pear, and white flowers. Fruit-forward, off-dry, medium acidity",
    "category": "Wine",
    "category chinese": "葡萄酒",
    "sub category": "",
    "main category": "“DRINK 饮品”",
    "price": "11/40",
    "vegetarian": "",
    "glutenfree": "",
    "spicy": ""
  },
  {
    "image": "",
    "id": 19,
    "name": "Chardonnay, \"Hidden Trail",
    "Chinese name": "",
    "description": "",
    "category": "Wine",
    "category chinese": "葡萄酒",
    "sub category": "",
    "main category": "“DRINK 饮品”",
    "price": "9/36",
    "vegetarian": "",
    "glutenfree": "",
    "spicy": ""
  },
  {
    "image": "",
    "id": 20,
    "name": "Pinot Noir, \"Hidden Trail",
    "Chinese name": "",
    "description": "",
    "category": "Wine",
    "category chinese": "葡萄酒",
    "sub category": "",
    "main category": "“DRINK 饮品”",
    "price": "9/36",
    "vegetarian": "",
    "glutenfree": "",
    "spicy": ""
  },
  {
    "image": "",
    "id": 21,
    "name": "",
    "Chinese name": "",
    "description": "",
    "category": "Sake",
    "category chinese": "清酒",
    "sub category": "",
    "main category": "“DRINK 饮品”",
    "price": "",
    "vegetarian": "",
    "glutenfree": "",
    "spicy": ""
  },
  {
    "image": "",
    "id": 22,
    "name": "",
    "Chinese name": "",
    "description": "",
    "category": "Sake",
    "category chinese": "清酒",
    "sub category": "",
    "main category": "“DRINK 饮品”",
    "price": "",
    "vegetarian": "",
    "glutenfree": "",
    "spicy": ""
  },
  {
    "image": "",
    "id": 23,
    "name": "Sapporo Premium",
    "Chinese name": "",
    "description": "Mild, malt-forward flavor with a clean and slightly sweet",
    "category": "Beer",
    "category chinese": "啤酒",
    "sub category": "Bottle",
    "main category": "“DRINK 饮品”",
    "price": 7,
    "vegetarian": "",
    "glutenfree": "",
    "spicy": ""
  },
  {
    "image": "",
    "id": 24,
    "name": "Grolsch Pilsener",
    "Chinese name": "",
    "description": "Balanced malt sweetness with a noticeable hop bitterness",
    "category": "Beer",
    "category chinese": "啤酒",
    "sub category": "Bottle",
    "main category": "“DRINK 饮品”",
    "price": 7,
    "vegetarian": "",
    "glutenfree": "",
    "spicy": ""
  },
  {
    "image": "",
    "id": 25,
    "name": 1664,
    "Chinese name": "",
    "description": "Subtle malt sweetness, a touch of hop bitterness, and a mild citrusy note",
    "category": "Beer",
    "category chinese": "啤酒",
    "sub category": "Bottle",
    "main category": "“DRINK 饮品”",
    "price": 8,
    "vegetarian": "",
    "glutenfree": "",
    "spicy": ""
  },
  {
    "image": "",
    "id": 26,
    "name": "Lagunitas IPA",
    "Chinese name": "",
    "description": "Resinous, piney, and citrusy, with prominent grapefruit and floral notes",
    "category": "Beer",
    "category chinese": "啤酒",
    "sub category": "Bottle",
    "main category": "“DRINK 饮品”",
    "price": 7,
    "vegetarian": "",
    "glutenfree": "",
    "spicy": ""
  },
  {
    "image": "",
    "id": 27,
    "name": "Ketel One",
    "Chinese name": "",
    "description": "",
    "category": "Spirits",
    "category chinese": "烈酒",
    "sub category": "Vodka",
    "main category": "“DRINK 饮品”",
    "price": 11,
    "vegetarian": "",
    "glutenfree": "",
    "spicy": ""
  },
  {
    "image": "",
    "id": 28,
    "name": "Titos’s",
    "Chinese name": "",
    "description": "",
    "category": "Spirits",
    "category chinese": "烈酒",
    "sub category": "Vodka",
    "main category": "“DRINK 饮品”",
    "price": 9,
    "vegetarian": "",
    "glutenfree": "",
    "spicy": ""
  },
  {
    "image": "",
    "id": 29,
    "name": "",
    "Chinese name": "",
    "description": "",
    "category": "Spirits",
    "category chinese": "烈酒",
    "sub category": "Vodka",
    "main category": "“DRINK 饮品”",
    "price": "",
    "vegetarian": "",
    "glutenfree": "",
    "spicy": ""
  },
  {
    "image": "",
    "id": 30,
    "name": "",
    "Chinese name": "",
    "description": "",
    "category": "Spirits",
    "category chinese": "烈酒",
    "sub category": "Vodka",
    "main category": "“DRINK 饮品”",
    "price": "",
    "vegetarian": "",
    "glutenfree": "",
    "spicy": ""
  },
  {
    "image": "",
    "id": 31,
    "name": "",
    "Chinese name": "",
    "description": "",
    "category": "Spirits",
    "category chinese": "烈酒",
    "sub category": "RYE WHISKEY",
    "main category": "“DRINK 饮品”",
    "price": "",
    "vegetarian": "",
    "glutenfree": "",
    "spicy": ""
  },
  {
    "image": "",
    "id": 32,
    "name": "",
    "Chinese name": "",
    "description": "",
    "category": "Spirits",
    "category chinese": "烈酒",
    "sub category": "RYE WHISKEY",
    "main category": "“DRINK 饮品”",
    "price": "",
    "vegetarian": "",
    "glutenfree": "",
    "spicy": ""
  },
  {
    "image": "",
    "id": 33,
    "name": "",
    "Chinese name": "",
    "description": "",
    "category": "Spirits",
    "category chinese": "烈酒",
    "sub category": "SCOTCH",
    "main category": "“DRINK 饮品”",
    "price": "",
    "vegetarian": "",
    "glutenfree": "",
    "spicy": ""
  },
  {
    "image": "",
    "id": 34,
    "name": "",
    "Chinese name": "",
    "description": "",
    "category": "Spirits",
    "category chinese": "烈酒",
    "sub category": "SCOTCH",
    "main category": "“DRINK 饮品”",
    "price": "",
    "vegetarian": "",
    "glutenfree": "",
    "spicy": ""
  },
  {
    "image": "",
    "id": 35,
    "name": "",
    "Chinese name": "",
    "description": "",
    "category": "Spirits",
    "category chinese": "烈酒",
    "sub category": "SCOTCH",
    "main category": "“DRINK 饮品”",
    "price": "",
    "vegetarian": "",
    "glutenfree": "",
    "spicy": ""
  },
  {
    "image": "",
    "id": 36,
    "name": "",
    "Chinese name": "",
    "description": "",
    "category": "Spirits",
    "category chinese": "烈酒",
    "sub category": "SCOTCH",
    "main category": "“DRINK 饮品”",
    "price": "",
    "vegetarian": "",
    "glutenfree": "",
    "spicy": ""
  },
  {
    "image": "",
    "id": 37,
    "name": "",
    "Chinese name": "",
    "description": "",
    "category": "Spirits",
    "category chinese": "烈酒",
    "sub category": "SCOTCH",
    "main category": "“DRINK 饮品”",
    "price": "",
    "vegetarian": "",
    "glutenfree": "",
    "spicy": ""
  },
  {
    "image": "",
    "id": 38,
    "name": "",
    "Chinese name": "",
    "description": "",
    "category": "Spirits",
    "category chinese": "烈酒",
    "sub category": "SCOTCH",
    "main category": "“DRINK 饮品”",
    "price": "",
    "vegetarian": "",
    "glutenfree": "",
    "spicy": ""
  },
  {
    "image": "",
    "id": 39,
    "name": "",
    "Chinese name": "",
    "description": "",
    "category": "Spirits",
    "category chinese": "烈酒",
    "sub category": "SCOTCH",
    "main category": "“DRINK 饮品”",
    "price": "",
    "vegetarian": "",
    "glutenfree": "",
    "spicy": ""
  },
  {
    "image": "",
    "id": 40,
    "name": "Jameson",
    "Chinese name": "",
    "description": "",
    "category": "Spirits",
    "category chinese": "烈酒",
    "sub category": "IRISH WHISKEY",
    "main category": "“DRINK 饮品”",
    "price": 11,
    "vegetarian": "",
    "glutenfree": "",
    "spicy": ""
  },
  {
    "image": "",
    "id": 41,
    "name": "",
    "Chinese name": "",
    "description": "",
    "category": "Spirits",
    "category chinese": "烈酒",
    "sub category": "IRISH WHISKEY",
    "main category": "“DRINK 饮品”",
    "price": "",
    "vegetarian": "",
    "glutenfree": "",
    "spicy": ""
  },
  {
    "image": "",
    "id": 42,
    "name": "",
    "Chinese name": "",
    "description": "",
    "category": "Spirits",
    "category chinese": "烈酒",
    "sub category": "IRISH WHISKEY",
    "main category": "“DRINK 饮品”",
    "price": "",
    "vegetarian": "",
    "glutenfree": "",
    "spicy": ""
  },
  {
    "image": "",
    "id": 43,
    "name": "",
    "Chinese name": "",
    "description": "",
    "category": "Spirits",
    "category chinese": "烈酒",
    "sub category": "IRISH WHISKEY",
    "main category": "“DRINK 饮品”",
    "price": "",
    "vegetarian": "",
    "glutenfree": "",
    "spicy": ""
  },
  {
    "image": "",
    "id": 44,
    "name": "Bombay Sapphire",
    "Chinese name": "",
    "description": "",
    "category": "Spirits",
    "category chinese": "烈酒",
    "sub category": "GIN",
    "main category": "“DRINK 饮品”",
    "price": 11,
    "vegetarian": "",
    "glutenfree": "",
    "spicy": ""
  },
  {
    "image": "",
    "id": 45,
    "name": "Hendrick’s",
    "Chinese name": "",
    "description": "",
    "category": "Spirits",
    "category chinese": "烈酒",
    "sub category": "GIN",
    "main category": "“DRINK 饮品”",
    "price": 11,
    "vegetarian": "",
    "glutenfree": "",
    "spicy": ""
  },
  {
    "image": "",
    "id": 46,
    "name": "",
    "Chinese name": "",
    "description": "",
    "category": "Spirits",
    "category chinese": "烈酒",
    "sub category": "GIN",
    "main category": "“DRINK 饮品”",
    "price": "",
    "vegetarian": "",
    "glutenfree": "",
    "spicy": ""
  },
  {
    "image": "",
    "id": 47,
    "name": "",
    "Chinese name": "",
    "description": "",
    "category": "Spirits",
    "category chinese": "烈酒",
    "sub category": "GIN",
    "main category": "“DRINK 饮品”",
    "price": "",
    "vegetarian": "",
    "glutenfree": "",
    "spicy": ""
  },
  {
    "image": "",
    "id": 48,
    "name": "Woodford Reserve",
    "Chinese name": "",
    "description": "",
    "category": "Spirits",
    "category chinese": "烈酒",
    "sub category": "BOURBON",
    "main category": "“DRINK 饮品”",
    "price": 14,
    "vegetarian": "",
    "glutenfree": "",
    "spicy": ""
  },
  {
    "image": "",
    "id": 49,
    "name": "Basil Hayden",
    "Chinese name": "",
    "description": "",
    "category": "Spirits",
    "category chinese": "烈酒",
    "sub category": "BOURBON",
    "main category": "“DRINK 饮品”",
    "price": 14,
    "vegetarian": "",
    "glutenfree": "",
    "spicy": ""
  },
  {
    "image": "",
    "id": 50,
    "name": "",
    "Chinese name": "",
    "description": "",
    "category": "Spirits",
    "category chinese": "烈酒",
    "sub category": "BOURBON",
    "main category": "“DRINK 饮品”",
    "price": "",
    "vegetarian": "",
    "glutenfree": "",
    "spicy": ""
  },
  {
    "image": "",
    "id": 51,
    "name": "",
    "Chinese name": "",
    "description": "",
    "category": "Spirits",
    "category chinese": "烈酒",
    "sub category": "BOURBON",
    "main category": "“DRINK 饮品”",
    "price": "",
    "vegetarian": "",
    "glutenfree": "",
    "spicy": ""
  },
  {
    "image": "",
    "id": 52,
    "name": "",
    "Chinese name": "",
    "description": "",
    "category": "Spirits",
    "category chinese": "烈酒",
    "sub category": "BOURBON",
    "main category": "“DRINK 饮品”",
    "price": "",
    "vegetarian": "",
    "glutenfree": "",
    "spicy": ""
  },
  {
    "image": "",
    "id": 53,
    "name": "Donjulio",
    "Chinese name": "",
    "description": "",
    "category": "Spirits",
    "category chinese": "烈酒",
    "sub category": "TEQUILA",
    "main category": "“DRINK 饮品”",
    "price": 13,
    "vegetarian": "",
    "glutenfree": "",
    "spicy": ""
  },
  {
    "image": "",
    "id": 54,
    "name": "Espolon",
    "Chinese name": "",
    "description": "",
    "category": "Spirits",
    "category chinese": "烈酒",
    "sub category": "TEQUILA",
    "main category": "“DRINK 饮品”",
    "price": 9,
    "vegetarian": "",
    "glutenfree": "",
    "spicy": ""
  },
  {
    "image": "",
    "id": 55,
    "name": "",
    "Chinese name": "",
    "description": "",
    "category": "Spirits",
    "category chinese": "烈酒",
    "sub category": "TEQUILA",
    "main category": "“DRINK 饮品”",
    "price": "",
    "vegetarian": "",
    "glutenfree": "",
    "spicy": ""
  },
  {
    "image": "",
    "id": 56,
    "name": "Bacardi",
    "Chinese name": "",
    "description": "",
    "category": "Spirits",
    "category chinese": "烈酒",
    "sub category": "RUM",
    "main category": "“DRINK 饮品”",
    "price": 10,
    "vegetarian": "",
    "glutenfree": "",
    "spicy": ""
  },
  {
    "image": "",
    "id": 57,
    "name": "",
    "Chinese name": "",
    "description": "",
    "category": "Spirits",
    "category chinese": "烈酒",
    "sub category": "RUM",
    "main category": "“DRINK 饮品”",
    "price": "",
    "vegetarian": "",
    "glutenfree": "",
    "spicy": ""
  },
  {
    "image": "",
    "id": 58,
    "name": "Breeze Oolong Tea (1)",
    "Chinese name": "和煦乌龙茶",
    "description": "",
    "category": "Soft Drink",
    "category chinese": "软饮",
    "sub category": "",
    "main category": "“DRINK 饮品”",
    "price": 4,
    "vegetarian": "",
    "glutenfree": "",
    "spicy": ""
  },
  {
    "image": "",
    "id": 59,
    "name": "Pu-Er Tea (1)",
    "Chinese name": "普洱茶",
    "description": "",
    "category": "Soft Drink",
    "category chinese": "软饮",
    "sub category": "",
    "main category": "“DRINK 饮品”",
    "price": 3.5,
    "vegetarian": "",
    "glutenfree": "",
    "spicy": ""
  },
  {
    "image": "",
    "id": 60,
    "name": "Jasmine Green Tea",
    "Chinese name": "茉莉花茶",
    "description": "",
    "category": "Soft Drink",
    "category chinese": "软饮",
    "sub category": "",
    "main category": "“DRINK 饮品”",
    "price": 3.5,
    "vegetarian": "",
    "glutenfree": "",
    "spicy": ""
  },
  {
    "image": "",
    "id": 61,
    "name": "Soda",
    "Chinese name": "汽水",
    "description": "Coke/Diet Coke/Ginger Ale/Club Soda",
    "category": "Soft Drink",
    "category chinese": "软饮",
    "sub category": "",
    "main category": "“DRINK 饮品”",
    "price": 2.5,
    "vegetarian": "",
    "glutenfree": "",
    "spicy": ""
  },
  {
    "image": "",
    "id": 62,
    "name": "S. Pellegrino Sparkling Water",
    "Chinese name": "圣培露气泡水 (大）",
    "description": "Carbonated natural water (750mL)",
    "category": "Soft Drink",
    "category chinese": "软饮",
    "sub category": "",
    "main category": "“DRINK 饮品”",
    "price": 8,
    "vegetarian": "",
    "glutenfree": "",
    "spicy": ""
  },
  {
    "image": "",
    "id": 63,
    "name": "Bang Bang Chicken",
    "Chinese name": "棒棒鸡丝",
    "description": "Chicken, chili oil, peppercorn, sesame, peanut, scallion",
    "category": "Appetizers",
    "category chinese": "前菜",
    "sub category": "",
    "main category": "“FOOD 食物”",
    "price": 10,
    "vegetarian": "",
    "glutenfree": "",
    "spicy": "s"
  },
  {
    "image": "",
    "id": 64,
    "name": "Thousand-Year Egg and Tofu Roll",
    "Chinese name": "剁椒皮蛋豆腐",
    "description": "Preserved egg, roasted chili sauce, tofu, cucumber, scallion",
    "category": "Appetizers",
    "category chinese": "前菜",
    "sub category": "",
    "main category": "“FOOD 食物”",
    "price": 10,
    "vegetarian": "",
    "glutenfree": "",
    "spicy": "ss"
  },
  {
    "image": "",
    "id": 65,
    "name": "Husband and Wife Special",
    "Chinese name": "夫妻肺片",
    "description": "Beef shank and tripe mixed with special chili sauce",
    "category": "Appetizers",
    "category chinese": "前菜",
    "sub category": "",
    "main category": "“FOOD 食物”",
    "price": 16,
    "vegetarian": "",
    "glutenfree": "",
    "spicy": "s"
  },
  {
    "image": "",
    "id": 66,
    "name": "Pork in Garlic Dressing",
    "Chinese name": "蒜泥白肉卷",
    "description": "Pork belly slice, cucumber",
    "category": "Appetizers",
    "category chinese": "前菜",
    "sub category": "",
    "main category": "“FOOD 食物”",
    "price": 14,
    "vegetarian": "",
    "glutenfree": "",
    "spicy": "s"
  },
  {
    "image": "",
    "id": 67,
    "name": "",
    "Chinese name": "",
    "description": "",
    "category": "Appetizers",
    "category chinese": "前菜",
    "sub category": "",
    "main category": "“FOOD 食物”",
    "price": "",
    "vegetarian": "",
    "glutenfree": "",
    "spicy": ""
  },
  {
    "image": "",
    "id": 68,
    "name": "Sichuan Mungbean Cold Noodle",
    "Chinese name": "川北凉粉",
    "description": "Mungbean noodle, chili oil, sesame, fermented bean",
    "category": "Appetizers",
    "category chinese": "前菜",
    "sub category": "",
    "main category": "“FOOD 食物”",
    "price": 10,
    "vegetarian": "v",
    "glutenfree": "",
    "spicy": "s"
  },
  {
    "image": "",
    "id": 69,
    "name": "Wonton in Chili Sauce",
    "Chinese name": "红油抄手",
    "description": "Pork, wheat flour, pepper, sesame",
    "category": "Appetizers",
    "category chinese": "前菜",
    "sub category": "",
    "main category": "“FOOD 食物”",
    "price": 10,
    "vegetarian": "",
    "glutenfree": "",
    "spicy": "s"
  },
  {
    "image": "",
    "id": 70,
    "name": "Pork Dumpling in Chili Oil",
    "Chinese name": "钟水饺",
    "description": "Pork, wheat flour, pepper, sesame",
    "category": "Appetizers",
    "category chinese": "前菜",
    "sub category": "",
    "main category": "“FOOD 食物”",
    "price": 10,
    "vegetarian": "",
    "glutenfree": "",
    "spicy": "s"
  },
  {
    "image": "",
    "id": 71,
    "name": "Scallion Sauce Cucumber",
    "Chinese name": "葱油黄瓜",
    "description": "Cucumber, scallion sauce",
    "category": "Appetizers",
    "category chinese": "前菜",
    "sub category": "",
    "main category": "“FOOD 食物”",
    "price": 8,
    "vegetarian": "v",
    "glutenfree": "gf",
    "spicy": "s"
  },
  {
    "image": "",
    "id": 72,
    "name": "Pickled Woodear Mushroom",
    "Chinese name": "跳水木耳",
    "description": "Woodear mushroom, onion",
    "category": "Appetizers",
    "category chinese": "前菜",
    "sub category": "",
    "main category": "“FOOD 食物”",
    "price": 8,
    "vegetarian": "v",
    "glutenfree": "",
    "spicy": "s"
  },
  {
    "image": "",
    "id": 73,
    "name": "",
    "Chinese name": "",
    "description": "",
    "category": "Appetizers",
    "category chinese": "前菜",
    "sub category": "",
    "main category": "“FOOD 食物”",
    "price": "",
    "vegetarian": "",
    "glutenfree": "",
    "spicy": ""
  },
  {
    "image": "",
    "id": 74,
    "name": "",
    "Chinese name": "",
    "description": "",
    "category": "Appetizers",
    "category chinese": "前菜",
    "sub category": "",
    "main category": "“FOOD 食物”",
    "price": "",
    "vegetarian": "",
    "glutenfree": "",
    "spicy": ""
  },
  {
    "image": "",
    "id": 75,
    "name": "",
    "Chinese name": "",
    "description": "",
    "category": "Appetizers",
    "category chinese": "前菜",
    "sub category": "",
    "main category": "“FOOD 食物”",
    "price": "",
    "vegetarian": "",
    "glutenfree": "",
    "spicy": ""
  },
  {
    "image": "",
    "id": 76,
    "name": "",
    "Chinese name": "",
    "description": "",
    "category": "Appetizers",
    "category chinese": "前菜",
    "sub category": "",
    "main category": "“FOOD 食物”",
    "price": "",
    "vegetarian": "",
    "glutenfree": "",
    "spicy": ""
  },
  {
    "image": "",
    "id": 77,
    "name": "",
    "Chinese name": "",
    "description": "",
    "category": "Appetizers",
    "category chinese": "前菜",
    "sub category": "",
    "main category": "“FOOD 食物”",
    "price": "",
    "vegetarian": "",
    "glutenfree": "",
    "spicy": ""
  },
  {
    "image": "",
    "id": 78,
    "name": "",
    "Chinese name": "",
    "description": "",
    "category": "Appetizers",
    "category chinese": "前菜",
    "sub category": "",
    "main category": "“FOOD 食物”",
    "price": "",
    "vegetarian": "",
    "glutenfree": "",
    "spicy": ""
  },
  {
    "image": "",
    "id": 79,
    "name": "Pork Soup Dumpling (4)",
    "Chinese name": "小笼汤包",
    "description": "Ground pork, wheat flour",
    "category": "Dim Sum",
    "category chinese": "点心",
    "sub category": "",
    "main category": "“FOOD 食物”",
    "price": 10,
    "vegetarian": "",
    "glutenfree": "",
    "spicy": ""
  },
  {
    "image": "",
    "id": 80,
    "name": "Crab Soup Dumpling (4)",
    "Chinese name": "蟹粉小笼汤包",
    "description": "Ground pork, crab roe, wheat flour",
    "category": "Dim Sum",
    "category chinese": "点心",
    "sub category": "",
    "main category": "“FOOD 食物”",
    "price": 10,
    "vegetarian": "",
    "glutenfree": "",
    "spicy": ""
  },
  {
    "image": "",
    "id": 81,
    "name": "Chicken Mushroom Soup Dumpling(4)",
    "Chinese name": "鸡肉香菇小笼汤包",
    "description": "Chicken, shiitake mushroom, truffle, wheat flour",
    "category": "Dim Sum",
    "category chinese": "点心",
    "sub category": "",
    "main category": "“FOOD 食物”",
    "price": 10,
    "vegetarian": "",
    "glutenfree": "",
    "spicy": ""
  },
  {
    "image": "",
    "id": 82,
    "name": "Vegetable Potsticker (4)",
    "Chinese name": "素贴/蒸素饺",
    "description": "Bok choy, cabbage, glass noodle, shiitake mushroom, wheat flour (can be made steamed)",
    "category": "Dim Sum",
    "category chinese": "点心",
    "sub category": "",
    "main category": "“FOOD 食物”",
    "price": 10,
    "vegetarian": "v",
    "glutenfree": "",
    "spicy": ""
  },
  {
    "image": "",
    "id": 83,
    "name": "Pork Potsticker (4)",
    "Chinese name": "锅贴/蒸饺",
    "description": "Ground pork, wheat flour ((can be made steamed)",
    "category": "Dim Sum",
    "category chinese": "点心",
    "sub category": "",
    "main category": "“FOOD 食物”",
    "price": 10,
    "vegetarian": "",
    "glutenfree": "",
    "spicy": ""
  },
  {
    "image": "",
    "id": 84,
    "name": "Pan Fried Pork Bun (4)",
    "Chinese name": "生煎包",
    "description": "Ground pork, wheat flour",
    "category": "Dim Sum",
    "category chinese": "点心",
    "sub category": "",
    "main category": "“FOOD 食物”",
    "price": 10,
    "vegetarian": "",
    "glutenfree": "",
    "spicy": ""
  },
  {
    "image": "",
    "id": 85,
    "name": "Siu Mai with Salted Duck Egg Yolk (4)",
    "Chinese name": "咸蛋黄猪肉烧麦",
    "description": "Sticky Rice, ground pork, Salted duck egg yolk",
    "category": "Dim Sum",
    "category chinese": "点心",
    "sub category": "",
    "main category": "“FOOD 食物”",
    "price": 10,
    "vegetarian": "",
    "glutenfree": "",
    "spicy": ""
  },
  {
    "image": "",
    "id": 86,
    "name": "Scallion Pancakes",
    "Chinese name": "葱油饼",
    "description": "Wheat flour, scallion",
    "category": "Dim Sum",
    "category chinese": "点心",
    "sub category": "",
    "main category": "“FOOD 食物”",
    "price": 8,
    "vegetarian": "v",
    "glutenfree": "",
    "spicy": ""
  },
  {
    "image": "",
    "id": 87,
    "name": "Crystal Shrimp Dumpling (4)",
    "Chinese name": "水晶虾饺",
    "description": "Shrimp, potato starch",
    "category": "Dim Sum",
    "category chinese": "点心",
    "sub category": "",
    "main category": "“FOOD 食物”",
    "price": 10,
    "vegetarian": "",
    "glutenfree": "",
    "spicy": ""
  },
  {
    "image": "",
    "id": 88,
    "name": "",
    "Chinese name": "",
    "description": "",
    "category": "Dim Sum",
    "category chinese": "点心",
    "sub category": "",
    "main category": "“FOOD 食物”",
    "price": "",
    "vegetarian": "",
    "glutenfree": "",
    "spicy": ""
  },
  {
    "image": "",
    "id": 89,
    "name": "",
    "Chinese name": "",
    "description": "",
    "category": "Dim Sum",
    "category chinese": "点心",
    "sub category": "",
    "main category": "“FOOD 食物”",
    "price": "",
    "vegetarian": "",
    "glutenfree": "",
    "spicy": ""
  },
  {
    "image": "",
    "id": 90,
    "name": "Whole Fish with Spicy Bean Paste for 2",
    "Chinese name": "豆瓣鱼",
    "description": "Live whole seabass braised in spicy bean paste sauce",
    "category": "Entrée",
    "category chinese": "主菜",
    "sub category": "",
    "main category": "“FOOD 食物”",
    "price": 32,
    "vegetarian": "",
    "glutenfree": "",
    "spicy": "s"
  },
  {
    "image": "",
    "id": 91,
    "name": "Fish Blossom for 2",
    "Chinese name": "松子鱼",
    "description": "Live whole seabass, pine nut, pea, carrot",
    "category": "Entrée",
    "category chinese": "主菜",
    "sub category": "",
    "main category": "“FOOD 食物”",
    "price": 32,
    "vegetarian": "",
    "glutenfree": "",
    "spicy": ""
  },
  {
    "image": "",
    "id": 92,
    "name": "Stir Fried Chicken with Chive Flower",
    "Chinese name": "鸡丝韭菜花",
    "description": "Chive flower stir-fired with shredded chicken",
    "category": "Entrée",
    "category chinese": "主菜",
    "sub category": "",
    "main category": "“FOOD 食物”",
    "price": 18,
    "vegetarian": "",
    "glutenfree": "gf",
    "spicy": ""
  },
  {
    "image": "",
    "id": 93,
    "name": "Diced Chicken with Chili Pepper",
    "Chinese name": "辣子鸡丁",
    "description": "Chicken, dry chili pepper, Sichuan peppercorn, sesame",
    "category": "Entrée",
    "category chinese": "主菜",
    "sub category": "",
    "main category": "“FOOD 食物”",
    "price": 24,
    "vegetarian": "",
    "glutenfree": "",
    "spicy": "ss"
  },
  {
    "image": "",
    "id": 94,
    "name": "Kung Pao Chicken",
    "Chinese name": "宫保鸡丁",
    "description": "Stir-fried with peanut, peppercorn, dried chili pepper, garlic",
    "category": "Entrée",
    "category chinese": "主菜",
    "sub category": "",
    "main category": "“FOOD 食物”",
    "price": 18,
    "vegetarian": "",
    "glutenfree": "",
    "spicy": "s"
  },
  {
    "image": "",
    "id": 95,
    "name": "Braised Beef in Red Soup for 2",
    "Chinese name": "红汤肥牛",
    "description": "Beef slice, enoki mushroom, glass noodle, bell pepper",
    "category": "Entrée",
    "category chinese": "主菜",
    "sub category": "",
    "main category": "“FOOD 食物”",
    "price": 28,
    "vegetarian": "",
    "glutenfree": "",
    "spicy": "ss"
  },
  {
    "image": "",
    "id": 96,
    "name": "Shredded Beef with Green Chili",
    "Chinese name": "小椒牛肉丝",
    "description": "Shredded beef sautéed Asian chili pepper",
    "category": "Entrée",
    "category chinese": "主菜",
    "sub category": "",
    "main category": "“FOOD 食物”",
    "price": 22,
    "vegetarian": "",
    "glutenfree": "",
    "spicy": "ss"
  },
  {
    "image": "",
    "id": 97,
    "name": "Dry Pot Baby Rib with Potato Slice",
    "Chinese name": "干锅排骨土豆片",
    "description": "Baby pork rib, potato slice, onion, red bell pepper",
    "category": "Entrée",
    "category chinese": "主菜",
    "sub category": "",
    "main category": "“FOOD 食物”",
    "price": 22,
    "vegetarian": "",
    "glutenfree": "",
    "spicy": "s"
  },
  {
    "image": "",
    "id": 98,
    "name": "Sichuan Beef Stew",
    "Chinese name": "川味牛腩煲",
    "description": "Braised beef brisket, potato, carrot",
    "category": "Entrée",
    "category chinese": "主菜",
    "sub category": "",
    "main category": "“FOOD 食物”",
    "price": 23,
    "vegetarian": "",
    "glutenfree": "",
    "spicy": "s"
  },
  {
    "image": "",
    "id": 99,
    "name": "Fei Hong Shrimp",
    "Chinese name": "飞鸿大虾",
    "description": "Fried shell-on shrimp, peanut, fried chili pepper",
    "category": "Entrée",
    "category chinese": "主菜",
    "sub category": "",
    "main category": "“FOOD 食物”",
    "price": 27,
    "vegetarian": "",
    "glutenfree": "",
    "spicy": "s"
  },
  {
    "image": "",
    "id": 100,
    "name": "Spicy Cumin Lamb",
    "Chinese name": "香辣孜然羊",
    "description": "Lamb, onion, green chili pepper, dry chili pepper",
    "category": "Entrée",
    "category chinese": "主菜",
    "sub category": "",
    "main category": "“FOOD 食物”",
    "price": 26,
    "vegetarian": "",
    "glutenfree": "",
    "spicy": "s"
  },
  {
    "image": "",
    "id": 101,
    "name": "Hunan Stir Fried Pork",
    "Chinese name": "湖南小炒肉",
    "description": "Pork belly stir-fried with Bird’s eye chili pepper and Asian chili pepper",
    "category": "Entrée",
    "category chinese": "主菜",
    "sub category": "",
    "main category": "“FOOD 食物”",
    "price": 21,
    "vegetarian": "",
    "glutenfree": "",
    "spicy": "ss"
  },
  {
    "image": "",
    "id": 102,
    "name": "Ma Po Tofu",
    "Chinese name": "麻婆豆腐",
    "description": "Tofu, leek,  (add minced pork +3)",
    "category": "Entrée",
    "category chinese": "主菜",
    "sub category": "",
    "main category": "“FOOD 食物”",
    "price": 17,
    "vegetarian": "v",
    "glutenfree": "",
    "spicy": "ss"
  },
  {
    "image": "",
    "id": 103,
    "name": "Crab Tofu",
    "Chinese name": "蟹粉豆腐",
    "description": "Tofu, salted duck egg yolk, crabmeat",
    "category": "Entrée",
    "category chinese": "主菜",
    "sub category": "",
    "main category": "“FOOD 食物”",
    "price": 22,
    "vegetarian": "",
    "glutenfree": "gf",
    "spicy": ""
  },
  {
    "image": "",
    "id": 104,
    "name": "Sautéed Tea Tree Mushroom",
    "Chinese name": "炒茶树菇",
    "description": "Tea tree mushroom, bell pepper, onion",
    "category": "Entrée",
    "category chinese": "主菜",
    "sub category": "",
    "main category": "“FOOD 食物”",
    "price": 18,
    "vegetarian": "v",
    "glutenfree": "",
    "spicy": ""
  },
  {
    "image": "",
    "id": 105,
    "name": "Sautéed King Oyster Mushroom",
    "Chinese name": "炒杏鲍菇",
    "description": "King oyster mushroom, bell pepper, onion",
    "category": "Entrée",
    "category chinese": "主菜",
    "sub category": "",
    "main category": "“FOOD 食物”",
    "price": 18,
    "vegetarian": "v",
    "glutenfree": "",
    "spicy": ""
  },
  {
    "image": "",
    "id": 106,
    "name": "Sautéed String Bean with Minced Pork",
    "Chinese name": "干煸四季豆",
    "description": "String bean, minced pork, fermented mustard green, chili peppercorn (vegetarian option avaliable)",
    "category": "Entrée",
    "category chinese": "主菜",
    "sub category": "",
    "main category": "“FOOD 食物”",
    "price": 18,
    "vegetarian": "",
    "glutenfree": "",
    "spicy": "s"
  },
  {
    "image": "",
    "id": 107,
    "name": "Sautéed Snow Pea Shoot",
    "Chinese name": "蒜炒豆苗",
    "description": "Snow pea shoot, garlic",
    "category": "Entrée",
    "category chinese": "主菜",
    "sub category": "",
    "main category": "“FOOD 食物”",
    "price": 18,
    "vegetarian": "v",
    "glutenfree": "gf",
    "spicy": ""
  },
  {
    "image": "",
    "id": 108,
    "name": "",
    "Chinese name": "",
    "description": "",
    "category": "Entrée",
    "category chinese": "主菜",
    "sub category": "",
    "main category": "“FOOD 食物”",
    "price": "",
    "vegetarian": "",
    "glutenfree": "",
    "spicy": ""
  },
  {
    "image": "",
    "id": 109,
    "name": "",
    "Chinese name": "",
    "description": "",
    "category": "Entrée",
    "category chinese": "主菜",
    "sub category": "",
    "main category": "“FOOD 食物”",
    "price": "",
    "vegetarian": "",
    "glutenfree": "",
    "spicy": ""
  },
  {
    "image": "",
    "id": 110,
    "name": "",
    "Chinese name": "",
    "description": "",
    "category": "Entrée",
    "category chinese": "主菜",
    "sub category": "",
    "main category": "“FOOD 食物”",
    "price": "",
    "vegetarian": "",
    "glutenfree": "",
    "spicy": ""
  },
  {
    "image": "",
    "id": 111,
    "name": "",
    "Chinese name": "",
    "description": "",
    "category": "Entrée",
    "category chinese": "主菜",
    "sub category": "",
    "main category": "“FOOD 食物”",
    "price": "",
    "vegetarian": "",
    "glutenfree": "",
    "spicy": ""
  },
  {
    "image": "",
    "id": 112,
    "name": "",
    "Chinese name": "",
    "description": "",
    "category": "Entrée",
    "category chinese": "主菜",
    "sub category": "",
    "main category": "“FOOD 食物”",
    "price": "",
    "vegetarian": "",
    "glutenfree": "",
    "spicy": ""
  },
  {
    "image": "",
    "id": 113,
    "name": "",
    "Chinese name": "",
    "description": "",
    "category": "Entrée",
    "category chinese": "主菜",
    "sub category": "",
    "main category": "“FOOD 食物”",
    "price": "",
    "vegetarian": "",
    "glutenfree": "",
    "spicy": ""
  },
  {
    "image": "",
    "id": 114,
    "name": "",
    "Chinese name": "",
    "description": "",
    "category": "Entrée",
    "category chinese": "主菜",
    "sub category": "",
    "main category": "“FOOD 食物”",
    "price": "",
    "vegetarian": "",
    "glutenfree": "",
    "spicy": ""
  },
  {
    "image": "",
    "id": 115,
    "name": "",
    "Chinese name": "",
    "description": "",
    "category": "Entrée",
    "category chinese": "主菜",
    "sub category": "",
    "main category": "“FOOD 食物”",
    "price": "",
    "vegetarian": "",
    "glutenfree": "",
    "spicy": ""
  },
  {
    "image": "",
    "id": 116,
    "name": "",
    "Chinese name": "",
    "description": "",
    "category": "Entrée",
    "category chinese": "主菜",
    "sub category": "",
    "main category": "“FOOD 食物”",
    "price": "",
    "vegetarian": "",
    "glutenfree": "",
    "spicy": ""
  },
  {
    "image": "",
    "id": 117,
    "name": "",
    "Chinese name": "",
    "description": "",
    "category": "Entrée",
    "category chinese": "主菜",
    "sub category": "",
    "main category": "“FOOD 食物”",
    "price": "",
    "vegetarian": "",
    "glutenfree": "",
    "spicy": ""
  },
  {
    "image": "",
    "id": 118,
    "name": "",
    "Chinese name": "",
    "description": "",
    "category": "Entrée",
    "category chinese": "主菜",
    "sub category": "",
    "main category": "“FOOD 食物”",
    "price": "",
    "vegetarian": "",
    "glutenfree": "",
    "spicy": ""
  },
  {
    "image": "",
    "id": 119,
    "name": "",
    "Chinese name": "",
    "description": "",
    "category": "Entrée",
    "category chinese": "主菜",
    "sub category": "",
    "main category": "“FOOD 食物”",
    "price": "",
    "vegetarian": "",
    "glutenfree": "",
    "spicy": ""
  },
  {
    "image": "",
    "id": 120,
    "name": "",
    "Chinese name": "",
    "description": "",
    "category": "Entrée",
    "category chinese": "主菜",
    "sub category": "",
    "main category": "“FOOD 食物”",
    "price": "",
    "vegetarian": "",
    "glutenfree": "",
    "spicy": ""
  },
  {
    "image": "",
    "id": 121,
    "name": "",
    "Chinese name": "",
    "description": "",
    "category": "Entrée",
    "category chinese": "主菜",
    "sub category": "",
    "main category": "“FOOD 食物”",
    "price": "",
    "vegetarian": "",
    "glutenfree": "",
    "spicy": ""
  },
  {
    "image": "",
    "id": 122,
    "name": "Veggie Fried Rice",
    "Chinese name": "素炒饭",
    "description": "King oyster mushroom, onion, pea (egg option avaliable)",
    "category": "Rice",
    "category chinese": "米饭",
    "sub category": "",
    "main category": "“FOOD 食物”",
    "price": 12,
    "vegetarian": "v",
    "glutenfree": "gf",
    "spicy": ""
  },
  {
    "image": "",
    "id": 123,
    "name": "Fried Rice with Minced Pork",
    "Chinese name": "芽菜臊子炒饭",
    "description": "Minced pork, mustard green, egg (vegetarian option avaliable)",
    "category": "Rice",
    "category chinese": "米饭",
    "sub category": "",
    "main category": "“FOOD 食物”",
    "price": 12,
    "vegetarian": "",
    "glutenfree": "",
    "spicy": ""
  },
  {
    "image": "",
    "id": 124,
    "name": "Fried Rice with Shrimp",
    "Chinese name": "虾仁蛋炒饭",
    "description": "Shrimp, onion, egg",
    "category": "Rice",
    "category chinese": "米饭",
    "sub category": "",
    "main category": "“FOOD 食物”",
    "price": 15,
    "vegetarian": "",
    "glutenfree": "gf",
    "spicy": ""
  },
  {
    "image": "",
    "id": 125,
    "name": "White Rice",
    "Chinese name": "白米饭",
    "description": "",
    "category": "Rice",
    "category chinese": "米饭",
    "sub category": "",
    "main category": "“FOOD 食物”",
    "price": 2,
    "vegetarian": "",
    "glutenfree": "",
    "spicy": ""
  },
  {
    "image": "",
    "id": 126,
    "name": "",
    "Chinese name": "",
    "description": "",
    "category": "Rice",
    "category chinese": "米饭",
    "sub category": "",
    "main category": "“FOOD 食物”",
    "price": "",
    "vegetarian": "",
    "glutenfree": "",
    "spicy": ""
  },
  {
    "image": "",
    "id": 127,
    "name": "Ice Jelly",
    "Chinese name": "冰粉",
    "description": "Chilled Ice Jelly, raisins, hawthorn, fermented rice, goji berry,sesame, brown sugar",
    "category": "Dessert",
    "category chinese": "甜点",
    "sub category": "",
    "main category": "“FOOD 食物”",
    "price": 6,
    "vegetarian": "v",
    "glutenfree": "gf",
    "spicy": ""
  },
  {
    "image": "",
    "id": 128,
    "name": "Rice Wine Soup",
    "Chinese name": "桂花酒酿汤圆",
    "description": "Sweet mini sesame and peanut rice ball, fermented rice, osmanthus",
    "category": "Dessert",
    "category chinese": "甜点",
    "sub category": "",
    "main category": "“FOOD 食物”",
    "price": 8,
    "vegetarian": "v",
    "glutenfree": "gf",
    "spicy": ""
  },
  {
    "image": "",
    "id": 129,
    "name": "Pumpkin Glutinous Rice Cake (4)",
    "Chinese name": "南瓜饼",
    "description": "Sticky rice pumpkin cake with red bean paste filling",
    "category": "Dessert",
    "category chinese": "甜点",
    "sub category": "",
    "main category": "“FOOD 食物”",
    "price": 10,
    "vegetarian": "v",
    "glutenfree": "",
    "spicy": ""
  },
  {
    "image": "",
    "id": 130,
    "name": "",
    "Chinese name": "",
    "description": "",
    "category": "Dessert",
    "category chinese": "甜点",
    "sub category": "",
    "main category": "“FOOD 食物”",
    "price": "",
    "vegetarian": "",
    "glutenfree": "",
    "spicy": ""
  },
  {
    "image": "",
    "id": 131,
    "name": "",
    "Chinese name": "",
    "description": "",
    "category": "Dessert",
    "category chinese": "甜点",
    "sub category": "",
    "main category": "“FOOD 食物”",
    "price": "",
    "vegetarian": "",
    "glutenfree": "",
    "spicy": ""
  },
  {
    "image": "",
    "id": 132,
    "name": "Stir Fried Chicken with Chive Flower (Lunch)",
    "Chinese name": "鸡丝韭菜花午餐",
    "description": "",
    "category": "Lunch Special",
    "category chinese": "特时午餐",
    "sub category": "",
    "main category": "“LUNCH 特时午餐”",
    "price": 15,
    "vegetarian": "",
    "glutenfree": "gf",
    "spicy": ""
  },
  {
    "image": "",
    "id": 133,
    "name": "Shredded Beef with Green Chili (Lunch)",
    "Chinese name": "小椒牛肉丝午餐",
    "description": "",
    "category": "Lunch Special",
    "category chinese": "特时午餐",
    "sub category": "",
    "main category": "“LUNCH 特时午餐”",
    "price": 17,
    "vegetarian": "",
    "glutenfree": "",
    "spicy": "ss"
  },
  {
    "image": "",
    "id": 134,
    "name": "Kung Pao Chicken (Lunch)",
    "Chinese name": "宫保鸡丁午餐",
    "description": "",
    "category": "Lunch Special",
    "category chinese": "特时午餐",
    "sub category": "",
    "main category": "“LUNCH 特时午餐”",
    "price": 15,
    "vegetarian": "",
    "glutenfree": "",
    "spicy": "s"
  },
  {
    "image": "",
    "id": 135,
    "name": "Sautéed Tea Tree Mushroom (Lunch)",
    "Chinese name": "炒茶树菇午餐",
    "description": "",
    "category": "Lunch Special",
    "category chinese": "特时午餐",
    "sub category": "",
    "main category": "“LUNCH 特时午餐”",
    "price": 16,
    "vegetarian": "v",
    "glutenfree": "",
    "spicy": ""
  },
  {
    "image": "",
    "id": 136,
    "name": "Sautéed String Bean with Minced Pork (Lunch)",
    "Chinese name": "干煸四季豆午餐",
    "description": "",
    "category": "Lunch Special",
    "category chinese": "特时午餐",
    "sub category": "",
    "main category": "“LUNCH 特时午餐”",
    "price": 14,
    "vegetarian": "",
    "glutenfree": "",
    "spicy": "s"
  },
  {
    "image": "",
    "id": 137,
    "name": "Dry Pot Baby Rib with Potato Slice (Lunch)",
    "Chinese name": "干锅排骨土豆片午餐",
    "description": "",
    "category": "Lunch Special",
    "category chinese": "特时午餐",
    "sub category": "",
    "main category": "“LUNCH 特时午餐”",
    "price": 16,
    "vegetarian": "",
    "glutenfree": "",
    "spicy": "s"
  },
  {
    "image": "",
    "id": 138,
    "name": "Ma Po Tofu (Lunch)",
    "Chinese name": "麻婆豆腐午餐",
    "description": "",
    "category": "Lunch Special",
    "category chinese": "特时午餐",
    "sub category": "",
    "main category": "“LUNCH 特时午餐”",
    "price": 15,
    "vegetarian": "v",
    "glutenfree": "",
    "spicy": "ss"
  },
  {
    "image": "",
    "id": 139,
    "name": "Crab Tofu (Lunch)",
    "Chinese name": "蟹粉豆腐午餐",
    "description": "",
    "category": "Lunch Special",
    "category chinese": "特时午餐",
    "sub category": "",
    "main category": "“LUNCH 特时午餐”",
    "price": 17,
    "vegetarian": "",
    "glutenfree": "gf",
    "spicy": ""
  },
  {
    "image": "",
    "id": 140,
    "name": "W/ White Rice",
    "Chinese name": "带/ 白饭",
    "description": "",
    "category": "Lunch Special",
    "category chinese": "特时午餐",
    "sub category": "Rice",
    "main category": "“LUNCH 特时午餐”",
    "price": "",
    "vegetarian": "",
    "glutenfree": "",
    "spicy": ""
  },
  {
    "image": "",
    "id": 141,
    "name": "W/ Side",
    "Chinese name": "带/ 凉菜",
    "description": "Pickled Woodear Mushroom or Scallion Sauce Cucumber",
    "category": "Lunch Special",
    "category chinese": "特时午餐",
    "sub category": "Sides",
    "main category": "“LUNCH 特时午餐”",
    "price": "",
    "vegetarian": "",
    "glutenfree": "",
    "spicy": ""
  },
  {
    "image": "",
    "id": 142,
    "name": "",
    "Chinese name": "",
    "description": "",
    "category": "Lunch Special",
    "category chinese": "特时午餐",
    "sub category": "Sides",
    "main category": "“LUNCH 特时午餐”",
    "price": "",
    "vegetarian": "",
    "glutenfree": "",
    "spicy": ""
  },
  {
    "image": "",
    "id": 143,
    "name": "",
    "Chinese name": "",
    "description": "",
    "category": "Lunch Special",
    "category chinese": "特时午餐",
    "sub category": "Dim Sum",
    "main category": "“LUNCH 特时午餐”",
    "price": "",
    "vegetarian": "",
    "glutenfree": "",
    "spicy": ""
  },
  {
    "image": "",
    "id": 144,
    "name": "",
    "Chinese name": "",
    "description": "",
    "category": "Lunch Special",
    "category chinese": "特时午餐",
    "sub category": "Dim Sum",
    "main category": "“LUNCH 特时午餐”",
    "price": "",
    "vegetarian": "",
    "glutenfree": "",
    "spicy": ""
  }
]
